"cohort_month","cohort_index","active_customers","retention_rate"
"2020-01",0.0,315,100.00
"2020-01",1.0,11,3.49
"2020-01",2.0,17,5.40
"2020-01",3.0,10,3.17
"2020-01",4.0,9,2.86
"2020-01",5.0,12,3.81
"2020-01",6.0,16,5.08
"2020-01",7.0,8,2.54
"2020-01",8.0,14,4.44
"2020-01",9.0,11,3.49
"2020-01",10.0,15,4.76
"2020-01",11.0,11,3.49
"2020-01",12.0,7,2.22
"2020-01",13.0,13,4.13
"2020-01",14.0,16,5.08
"2020-01",15.0,18,5.71
"2020-01",16.0,14,4.44
"2020-01",17.0,16,5.08
"2020-01",18.0,12,3.81
"2020-01",19.0,6,1.90
"2020-01",20.0,12,3.81
"2020-01",21.0,13,4.13
"2020-01",22.0,8,2.54
"2020-01",23.0,21,6.67
"2020-01",24.0,23,7.30
"2020-01",25.0,15,4.76
"2020-01",26.0,12,3.81
"2020-01",27.0,18,5.71
"2020-01",28.0,8,2.54
"2020-01",29.0,16,5.08
"2020-01",30.0,14,4.44
"2020-01",31.0,14,4.44
"2020-01",32.0,10,3.17
"2020-01",33.0,13,4.13
"2020-01",34.0,6,1.90
"2020-01",35.0,9,2.86
"2020-01",36.0,14,4.44
"2020-01",37.0,13,4.13
"2020-01",38.0,19,6.03
"2020-01",39.0,15,4.76
"2020-01",40.0,10,3.17
"2020-01",41.0,12,3.81
"2020-01",42.0,9,2.86
"2020-01",43.0,8,2.54
"2020-01",44.0,11,3.49
"2020-01",45.0,20,6.35
"2020-01",46.0,16,5.08
"2020-01",47.0,9,2.86
"2020-01",48.0,16,5.08
"2020-01",49.0,10,3.17
"2020-01",50.0,17,5.40
"2020-01",51.0,13,4.13
"2020-01",52.0,13,4.13
"2020-01",53.0,17,5.40
"2020-01",54.0,18,5.71
"2020-01",55.0,8,2.54
"2020-01",56.0,13,4.13
"2020-01",57.0,13,4.13
"2020-01",58.0,7,2.22
"2020-01",59.0,15,4.76
"2020-01",60.0,9,2.86
"2020-01",61.0,9,2.86
"2020-01",62.0,14,4.44
"2020-01",63.0,11,3.49
"2020-01",64.0,19,6.03
"2020-01",65.0,17,5.40
"2020-01",66.0,19,6.03
"2020-01",67.0,14,4.44
"2020-01",68.0,13,4.13
"2020-01",69.0,4,1.27
"2020-01",70.0,15,4.76
"2020-01",71.0,11,3.49
"2020-01",72.0,13,4.13
"2020-01",73.0,15,4.76
"2020-01",74.0,11,3.49
"2020-02",0.0,301,100.00
"2020-02",1.0,18,5.98
"2020-02",2.0,7,2.33
"2020-02",3.0,12,3.99
"2020-02",4.0,10,3.32
"2020-02",5.0,12,3.99
"2020-02",6.0,16,5.32
"2020-02",7.0,15,4.98
"2020-02",8.0,12,3.99
"2020-02",9.0,16,5.32
"2020-02",10.0,17,5.65
"2020-02",11.0,10,3.32
"2020-02",12.0,10,3.32
"2020-02",13.0,10,3.32
"2020-02",14.0,9,2.99
"2020-02",15.0,11,3.65
"2020-02",16.0,11,3.65
"2020-02",17.0,10,3.32
"2020-02",18.0,13,4.32
"2020-02",19.0,16,5.32
"2020-02",20.0,9,2.99
"2020-02",21.0,8,2.66
"2020-02",22.0,10,3.32
"2020-02",23.0,16,5.32
"2020-02",24.0,13,4.32
"2020-02",25.0,17,5.65
"2020-02",26.0,7,2.33
"2020-02",27.0,7,2.33
"2020-02",28.0,6,1.99
"2020-02",29.0,13,4.32
"2020-02",30.0,17,5.65
"2020-02",31.0,9,2.99
"2020-02",32.0,23,7.64
"2020-02",33.0,16,5.32
"2020-02",34.0,8,2.66
"2020-02",35.0,17,5.65
"2020-02",36.0,11,3.65
"2020-02",37.0,10,3.32
"2020-02",38.0,17,5.65
"2020-02",39.0,19,6.31
"2020-02",40.0,8,2.66
"2020-02",41.0,12,3.99
"2020-02",42.0,11,3.65
"2020-02",43.0,13,4.32
"2020-02",44.0,12,3.99
"2020-02",45.0,14,4.65
"2020-02",46.0,11,3.65
"2020-02",47.0,9,2.99
"2020-02",48.0,9,2.99
"2020-02",49.0,16,5.32
"2020-02",50.0,12,3.99
"2020-02",51.0,13,4.32
"2020-02",52.0,18,5.98
"2020-02",53.0,10,3.32
"2020-02",54.0,14,4.65
"2020-02",55.0,17,5.65
"2020-02",56.0,11,3.65
"2020-02",57.0,17,5.65
"2020-02",58.0,17,5.65
"2020-02",59.0,9,2.99
"2020-02",60.0,8,2.66
"2020-02",61.0,8,2.66
"2020-02",62.0,12,3.99
"2020-02",63.0,11,3.65
"2020-02",64.0,12,3.99
"2020-02",65.0,14,4.65
"2020-02",66.0,20,6.64
"2020-02",67.0,7,2.33
"2020-02",68.0,10,3.32
"2020-02",69.0,11,3.65
"2020-02",70.0,15,4.98
"2020-02",71.0,10,3.32
"2020-02",72.0,7,2.33
"2020-02",73.0,9,2.99
"2020-03",0.0,276,100.00
"2020-03",1.0,7,2.54
"2020-03",2.0,21,7.61
"2020-03",3.0,8,2.90
"2020-03",4.0,12,4.35
"2020-03",5.0,20,7.25
"2020-03",6.0,5,1.81
"2020-03",7.0,14,5.07
"2020-03",8.0,9,3.26
"2020-03",9.0,10,3.62
"2020-03",10.0,12,4.35
"2020-03",11.0,7,2.54
"2020-03",12.0,19,6.88
"2020-03",13.0,11,3.99
"2020-03",14.0,8,2.90
"2020-03",15.0,11,3.99
"2020-03",16.0,16,5.80
"2020-03",17.0,9,3.26
"2020-03",18.0,11,3.99
"2020-03",19.0,11,3.99
"2020-03",20.0,10,3.62
"2020-03",21.0,8,2.90
"2020-03",22.0,11,3.99
"2020-03",23.0,12,4.35
"2020-03",24.0,13,4.71
"2020-03",25.0,12,4.35
"2020-03",26.0,11,3.99
"2020-03",27.0,12,4.35
"2020-03",28.0,8,2.90
"2020-03",29.0,12,4.35
"2020-03",30.0,11,3.99
"2020-03",31.0,14,5.07
"2020-03",32.0,13,4.71
"2020-03",33.0,15,5.43
"2020-03",34.0,10,3.62
"2020-03",35.0,12,4.35
"2020-03",36.0,12,4.35
"2020-03",37.0,9,3.26
"2020-03",38.0,9,3.26
"2020-03",39.0,9,3.26
"2020-03",40.0,10,3.62
"2020-03",41.0,16,5.80
"2020-03",42.0,8,2.90
"2020-03",43.0,20,7.25
"2020-03",44.0,13,4.71
"2020-03",45.0,13,4.71
"2020-03",46.0,11,3.99
"2020-03",47.0,14,5.07
"2020-03",48.0,10,3.62
"2020-03",49.0,17,6.16
"2020-03",50.0,8,2.90
"2020-03",51.0,11,3.99
"2020-03",52.0,8,2.90
"2020-03",53.0,11,3.99
"2020-03",54.0,11,3.99
"2020-03",55.0,8,2.90
"2020-03",56.0,9,3.26
"2020-03",57.0,6,2.17
"2020-03",58.0,13,4.71
"2020-03",59.0,12,4.35
"2020-03",60.0,13,4.71
"2020-03",61.0,15,5.43
"2020-03",62.0,15,5.43
"2020-03",63.0,16,5.80
"2020-03",64.0,12,4.35
"2020-03",65.0,11,3.99
"2020-03",66.0,13,4.71
"2020-03",67.0,11,3.99
"2020-03",68.0,12,4.35
"2020-03",69.0,19,6.88
"2020-03",70.0,17,6.16
"2020-03",71.0,12,4.35
"2020-03",72.0,16,5.80
"2020-04",0.0,304,100.00
"2020-04",1.0,19,6.25
"2020-04",2.0,16,5.26
"2020-04",3.0,10,3.29
"2020-04",4.0,18,5.92
"2020-04",5.0,8,2.63
"2020-04",6.0,14,4.61
"2020-04",7.0,13,4.28
"2020-04",8.0,20,6.58
"2020-04",9.0,15,4.93
"2020-04",10.0,7,2.30
"2020-04",11.0,14,4.61
"2020-04",12.0,13,4.28
"2020-04",13.0,9,2.96
"2020-04",14.0,14,4.61
"2020-04",15.0,13,4.28
"2020-04",16.0,25,8.22
"2020-04",17.0,6,1.97
"2020-04",18.0,9,2.96
"2020-04",19.0,16,5.26
"2020-04",20.0,16,5.26
"2020-04",21.0,13,4.28
"2020-04",22.0,8,2.63
"2020-04",23.0,12,3.95
"2020-04",24.0,15,4.93
"2020-04",25.0,17,5.59
"2020-04",26.0,10,3.29
"2020-04",27.0,17,5.59
"2020-04",28.0,10,3.29
"2020-04",29.0,11,3.62
"2020-04",30.0,11,3.62
"2020-04",31.0,11,3.62
"2020-04",32.0,11,3.62
"2020-04",33.0,16,5.26
"2020-04",34.0,16,5.26
"2020-04",35.0,9,2.96
"2020-04",36.0,7,2.30
"2020-04",37.0,12,3.95
"2020-04",38.0,11,3.62
"2020-04",39.0,10,3.29
"2020-04",40.0,13,4.28
"2020-04",41.0,12,3.95
"2020-04",42.0,13,4.28
"2020-04",43.0,11,3.62
"2020-04",44.0,9,2.96
"2020-04",45.0,11,3.62
"2020-04",46.0,9,2.96
"2020-04",47.0,9,2.96
"2020-04",48.0,10,3.29
"2020-04",49.0,11,3.62
"2020-04",50.0,9,2.96
"2020-04",51.0,11,3.62
"2020-04",52.0,17,5.59
"2020-04",53.0,20,6.58
"2020-04",54.0,17,5.59
"2020-04",55.0,16,5.26
"2020-04",56.0,20,6.58
"2020-04",57.0,6,1.97
"2020-04",58.0,10,3.29
"2020-04",59.0,10,3.29
"2020-04",60.0,18,5.92
"2020-04",61.0,10,3.29
"2020-04",62.0,14,4.61
"2020-04",63.0,9,2.96
"2020-04",64.0,9,2.96
"2020-04",65.0,6,1.97
"2020-04",66.0,11,3.62
"2020-04",67.0,8,2.63
"2020-04",68.0,9,2.96
"2020-04",69.0,11,3.62
"2020-04",70.0,8,2.63
"2020-04",71.0,11,3.62
"2020-05",0.0,289,100.00
"2020-05",1.0,13,4.50
"2020-05",2.0,12,4.15
"2020-05",3.0,15,5.19
"2020-05",4.0,11,3.81
"2020-05",5.0,15,5.19
"2020-05",6.0,10,3.46
"2020-05",7.0,15,5.19
"2020-05",8.0,17,5.88
"2020-05",9.0,6,2.08
"2020-05",10.0,12,4.15
"2020-05",11.0,5,1.73
"2020-05",12.0,6,2.08
"2020-05",13.0,10,3.46
"2020-05",14.0,10,3.46
"2020-05",15.0,10,3.46
"2020-05",16.0,12,4.15
"2020-05",17.0,14,4.84
"2020-05",18.0,12,4.15
"2020-05",19.0,8,2.77
"2020-05",20.0,11,3.81
"2020-05",21.0,13,4.50
"2020-05",22.0,13,4.50
"2020-05",23.0,6,2.08
"2020-05",24.0,12,4.15
"2020-05",25.0,13,4.50
"2020-05",26.0,14,4.84
"2020-05",27.0,10,3.46
"2020-05",28.0,10,3.46
"2020-05",29.0,9,3.11
"2020-05",30.0,10,3.46
"2020-05",31.0,11,3.81
"2020-05",32.0,4,1.38
"2020-05",33.0,8,2.77
"2020-05",34.0,11,3.81
"2020-05",35.0,16,5.54
"2020-05",36.0,17,5.88
"2020-05",37.0,12,4.15
"2020-05",38.0,13,4.50
"2020-05",39.0,8,2.77
"2020-05",40.0,10,3.46
"2020-05",41.0,12,4.15
"2020-05",42.0,10,3.46
"2020-05",43.0,11,3.81
"2020-05",44.0,11,3.81
"2020-05",45.0,12,4.15
"2020-05",46.0,11,3.81
"2020-05",47.0,13,4.50
"2020-05",48.0,14,4.84
"2020-05",49.0,8,2.77
"2020-05",50.0,17,5.88
"2020-05",51.0,12,4.15
"2020-05",52.0,14,4.84
"2020-05",53.0,17,5.88
"2020-05",54.0,7,2.42
"2020-05",55.0,10,3.46
"2020-05",56.0,14,4.84
"2020-05",57.0,11,3.81
"2020-05",58.0,6,2.08
"2020-05",59.0,9,3.11
"2020-05",60.0,10,3.46
"2020-05",61.0,14,4.84
"2020-05",62.0,6,2.08
"2020-05",63.0,15,5.19
"2020-05",64.0,17,5.88
"2020-05",65.0,8,2.77
"2020-05",66.0,18,6.23
"2020-05",67.0,14,4.84
"2020-05",68.0,18,6.23
"2020-05",69.0,13,4.50
"2020-05",70.0,8,2.77
"2020-06",0.0,253,100.00
"2020-06",1.0,11,4.35
"2020-06",2.0,9,3.56
"2020-06",3.0,15,5.93
"2020-06",4.0,12,4.74
"2020-06",5.0,10,3.95
"2020-06",6.0,11,4.35
"2020-06",7.0,10,3.95
"2020-06",8.0,12,4.74
"2020-06",9.0,14,5.53
"2020-06",10.0,14,5.53
"2020-06",11.0,9,3.56
"2020-06",12.0,12,4.74
"2020-06",13.0,11,4.35
"2020-06",14.0,12,4.74
"2020-06",15.0,10,3.95
"2020-06",16.0,7,2.77
"2020-06",17.0,10,3.95
"2020-06",18.0,13,5.14
"2020-06",19.0,12,4.74
"2020-06",20.0,6,2.37
"2020-06",21.0,12,4.74
"2020-06",22.0,9,3.56
"2020-06",23.0,10,3.95
"2020-06",24.0,10,3.95
"2020-06",25.0,8,3.16
"2020-06",26.0,9,3.56
"2020-06",27.0,5,1.98
"2020-06",28.0,11,4.35
"2020-06",29.0,7,2.77
"2020-06",30.0,11,4.35
"2020-06",31.0,7,2.77
"2020-06",32.0,13,5.14
"2020-06",33.0,7,2.77
"2020-06",34.0,12,4.74
"2020-06",35.0,9,3.56
"2020-06",36.0,5,1.98
"2020-06",37.0,9,3.56
"2020-06",38.0,8,3.16
"2020-06",39.0,7,2.77
"2020-06",40.0,12,4.74
"2020-06",41.0,6,2.37
"2020-06",42.0,9,3.56
"2020-06",43.0,7,2.77
"2020-06",44.0,10,3.95
"2020-06",45.0,12,4.74
"2020-06",46.0,10,3.95
"2020-06",47.0,7,2.77
"2020-06",48.0,8,3.16
"2020-06",49.0,13,5.14
"2020-06",50.0,8,3.16
"2020-06",51.0,11,4.35
"2020-06",52.0,14,5.53
"2020-06",53.0,15,5.93
"2020-06",54.0,10,3.95
"2020-06",55.0,5,1.98
"2020-06",56.0,10,3.95
"2020-06",57.0,10,3.95
"2020-06",58.0,11,4.35
"2020-06",59.0,13,5.14
"2020-06",60.0,9,3.56
"2020-06",61.0,7,2.77
"2020-06",62.0,11,4.35
"2020-06",63.0,8,3.16
"2020-06",64.0,14,5.53
"2020-06",65.0,11,4.35
"2020-06",66.0,10,3.95
"2020-06",67.0,16,6.32
"2020-06",68.0,13,5.14
"2020-06",69.0,10,3.95
"2020-07",0.0,267,100.00
"2020-07",1.0,8,3.00
"2020-07",2.0,8,3.00
"2020-07",3.0,5,1.87
"2020-07",4.0,13,4.87
"2020-07",5.0,11,4.12
"2020-07",6.0,16,5.99
"2020-07",7.0,6,2.25
"2020-07",8.0,9,3.37
"2020-07",9.0,12,4.49
"2020-07",10.0,8,3.00
"2020-07",11.0,5,1.87
"2020-07",12.0,7,2.62
"2020-07",13.0,13,4.87
"2020-07",14.0,11,4.12
"2020-07",15.0,9,3.37
"2020-07",16.0,14,5.24
"2020-07",17.0,12,4.49
"2020-07",18.0,12,4.49
"2020-07",19.0,14,5.24
"2020-07",20.0,10,3.75
"2020-07",21.0,10,3.75
"2020-07",22.0,12,4.49
"2020-07",23.0,13,4.87
"2020-07",24.0,9,3.37
"2020-07",25.0,14,5.24
"2020-07",26.0,9,3.37
"2020-07",27.0,13,4.87
"2020-07",28.0,9,3.37
"2020-07",29.0,6,2.25
"2020-07",30.0,10,3.75
"2020-07",31.0,8,3.00
"2020-07",32.0,13,4.87
"2020-07",33.0,11,4.12
"2020-07",34.0,11,4.12
"2020-07",35.0,10,3.75
"2020-07",36.0,10,3.75
"2020-07",37.0,15,5.62
"2020-07",38.0,5,1.87
"2020-07",39.0,7,2.62
"2020-07",40.0,8,3.00
"2020-07",41.0,10,3.75
"2020-07",42.0,14,5.24
"2020-07",43.0,9,3.37
"2020-07",44.0,13,4.87
"2020-07",45.0,15,5.62
"2020-07",46.0,10,3.75
"2020-07",47.0,10,3.75
"2020-07",48.0,15,5.62
"2020-07",49.0,4,1.50
"2020-07",50.0,9,3.37
"2020-07",51.0,14,5.24
"2020-07",52.0,11,4.12
"2020-07",53.0,13,4.87
"2020-07",54.0,14,5.24
"2020-07",55.0,9,3.37
"2020-07",56.0,16,5.99
"2020-07",57.0,4,1.50
"2020-07",58.0,17,6.37
"2020-07",59.0,8,3.00
"2020-07",60.0,9,3.37
"2020-07",61.0,14,5.24
"2020-07",62.0,10,3.75
"2020-07",63.0,20,7.49
"2020-07",64.0,12,4.49
"2020-07",65.0,10,3.75
"2020-07",66.0,11,4.12
"2020-07",67.0,9,3.37
"2020-07",68.0,8,3.00
"2020-08",0.0,248,100.00
"2020-08",1.0,11,4.44
"2020-08",2.0,12,4.84
"2020-08",3.0,7,2.82
"2020-08",4.0,12,4.84
"2020-08",5.0,13,5.24
"2020-08",6.0,6,2.42
"2020-08",7.0,9,3.63
"2020-08",8.0,12,4.84
"2020-08",9.0,10,4.03
"2020-08",10.0,5,2.02
"2020-08",11.0,7,2.82
"2020-08",12.0,14,5.65
"2020-08",13.0,9,3.63
"2020-08",14.0,14,5.65
"2020-08",15.0,11,4.44
"2020-08",16.0,13,5.24
"2020-08",17.0,12,4.84
"2020-08",18.0,6,2.42
"2020-08",19.0,9,3.63
"2020-08",20.0,13,5.24
"2020-08",21.0,6,2.42
"2020-08",22.0,13,5.24
"2020-08",23.0,16,6.45
"2020-08",24.0,10,4.03
"2020-08",25.0,9,3.63
"2020-08",26.0,11,4.44
"2020-08",27.0,8,3.23
"2020-08",28.0,13,5.24
"2020-08",29.0,6,2.42
"2020-08",30.0,13,5.24
"2020-08",31.0,11,4.44
"2020-08",32.0,12,4.84
"2020-08",33.0,11,4.44
"2020-08",34.0,9,3.63
"2020-08",35.0,13,5.24
"2020-08",36.0,12,4.84
"2020-08",37.0,8,3.23
"2020-08",38.0,11,4.44
"2020-08",39.0,7,2.82
"2020-08",40.0,9,3.63
"2020-08",41.0,7,2.82
"2020-08",42.0,11,4.44
"2020-08",43.0,8,3.23
"2020-08",44.0,13,5.24
"2020-08",45.0,12,4.84
"2020-08",46.0,13,5.24
"2020-08",47.0,11,4.44
"2020-08",48.0,11,4.44
"2020-08",49.0,12,4.84
"2020-08",50.0,12,4.84
"2020-08",51.0,11,4.44
"2020-08",52.0,11,4.44
"2020-08",53.0,13,5.24
"2020-08",54.0,12,4.84
"2020-08",55.0,5,2.02
"2020-08",56.0,10,4.03
"2020-08",57.0,12,4.84
"2020-08",58.0,15,6.05
"2020-08",59.0,12,4.84
"2020-08",60.0,9,3.63
"2020-08",61.0,6,2.42
"2020-08",62.0,13,5.24
"2020-08",63.0,5,2.02
"2020-08",64.0,13,5.24
"2020-08",65.0,9,3.63
"2020-08",66.0,15,6.05
"2020-08",67.0,5,2.02
"2020-09",0.0,212,100.00
"2020-09",1.0,13,6.13
"2020-09",2.0,9,4.25
"2020-09",3.0,6,2.83
"2020-09",4.0,8,3.77
"2020-09",5.0,8,3.77
"2020-09",6.0,7,3.30
"2020-09",7.0,11,5.19
"2020-09",8.0,12,5.66
"2020-09",9.0,11,5.19
"2020-09",10.0,9,4.25
"2020-09",11.0,12,5.66
"2020-09",12.0,13,6.13
"2020-09",13.0,8,3.77
"2020-09",14.0,3,1.42
"2020-09",15.0,10,4.72
"2020-09",16.0,14,6.60
"2020-09",17.0,6,2.83
"2020-09",18.0,11,5.19
"2020-09",19.0,14,6.60
"2020-09",20.0,10,4.72
"2020-09",21.0,11,5.19
"2020-09",22.0,10,4.72
"2020-09",23.0,7,3.30
"2020-09",24.0,12,5.66
"2020-09",25.0,12,5.66
"2020-09",26.0,7,3.30
"2020-09",27.0,10,4.72
"2020-09",28.0,8,3.77
"2020-09",29.0,4,1.89
"2020-09",30.0,11,5.19
"2020-09",31.0,4,1.89
"2020-09",32.0,10,4.72
"2020-09",33.0,8,3.77
"2020-09",34.0,6,2.83
"2020-09",35.0,12,5.66
"2020-09",36.0,5,2.36
"2020-09",37.0,13,6.13
"2020-09",38.0,12,5.66
"2020-09",39.0,7,3.30
"2020-09",40.0,4,1.89
"2020-09",41.0,12,5.66
"2020-09",42.0,9,4.25
"2020-09",43.0,8,3.77
"2020-09",44.0,5,2.36
"2020-09",45.0,7,3.30
"2020-09",46.0,5,2.36
"2020-09",47.0,3,1.42
"2020-09",48.0,10,4.72
"2020-09",49.0,10,4.72
"2020-09",50.0,8,3.77
"2020-09",51.0,11,5.19
"2020-09",52.0,4,1.89
"2020-09",53.0,11,5.19
"2020-09",54.0,5,2.36
"2020-09",55.0,9,4.25
"2020-09",56.0,8,3.77
"2020-09",57.0,7,3.30
"2020-09",58.0,11,5.19
"2020-09",59.0,9,4.25
"2020-09",60.0,10,4.72
"2020-09",61.0,8,3.77
"2020-09",62.0,15,7.08
"2020-09",63.0,7,3.30
"2020-09",64.0,8,3.77
"2020-09",65.0,5,2.36
"2020-09",66.0,7,3.30
"2020-10",0.0,220,100.00
"2020-10",1.0,13,5.91
"2020-10",2.0,8,3.64
"2020-10",3.0,15,6.82
"2020-10",4.0,8,3.64
"2020-10",5.0,16,7.27
"2020-10",6.0,7,3.18
"2020-10",7.0,8,3.64
"2020-10",8.0,6,2.73
"2020-10",9.0,14,6.36
"2020-10",10.0,6,2.73
"2020-10",11.0,12,5.45
"2020-10",12.0,10,4.55
"2020-10",13.0,7,3.18
"2020-10",14.0,12,5.45
"2020-10",15.0,8,3.64
"2020-10",16.0,8,3.64
"2020-10",17.0,8,3.64
"2020-10",18.0,6,2.73
"2020-10",19.0,8,3.64
"2020-10",20.0,7,3.18
"2020-10",21.0,10,4.55
"2020-10",22.0,5,2.27
"2020-10",23.0,13,5.91
"2020-10",24.0,11,5.00
"2020-10",25.0,9,4.09
"2020-10",26.0,12,5.45
"2020-10",27.0,9,4.09
"2020-10",28.0,13,5.91
"2020-10",29.0,6,2.73
"2020-10",30.0,2,0.91
"2020-10",31.0,7,3.18
"2020-10",32.0,4,1.82
"2020-10",33.0,11,5.00
"2020-10",34.0,4,1.82
"2020-10",35.0,5,2.27
"2020-10",36.0,11,5.00
"2020-10",37.0,4,1.82
"2020-10",38.0,11,5.00
"2020-10",39.0,8,3.64
"2020-10",40.0,9,4.09
"2020-10",41.0,11,5.00
"2020-10",42.0,12,5.45
"2020-10",43.0,12,5.45
"2020-10",44.0,7,3.18
"2020-10",45.0,9,4.09
"2020-10",46.0,5,2.27
"2020-10",47.0,14,6.36
"2020-10",48.0,12,5.45
"2020-10",49.0,10,4.55
"2020-10",50.0,4,1.82
"2020-10",51.0,9,4.09
"2020-10",52.0,8,3.64
"2020-10",53.0,14,6.36
"2020-10",54.0,9,4.09
"2020-10",55.0,9,4.09
"2020-10",56.0,11,5.00
"2020-10",57.0,6,2.73
"2020-10",58.0,10,4.55
"2020-10",59.0,5,2.27
"2020-10",60.0,10,4.55
"2020-10",61.0,7,3.18
"2020-10",62.0,11,5.00
"2020-10",63.0,11,5.00
"2020-10",64.0,4,1.82
"2020-10",65.0,8,3.64
"2020-11",0.0,200,100.00
"2020-11",1.0,10,5.00
"2020-11",2.0,5,2.50
"2020-11",3.0,11,5.50
"2020-11",4.0,15,7.50
"2020-11",5.0,6,3.00
"2020-11",6.0,9,4.50
"2020-11",7.0,14,7.00
"2020-11",8.0,10,5.00
"2020-11",9.0,6,3.00
"2020-11",10.0,7,3.50
"2020-11",11.0,10,5.00
"2020-11",12.0,6,3.00
"2020-11",13.0,6,3.00
"2020-11",14.0,4,2.00
"2020-11",15.0,2,1.00
"2020-11",16.0,9,4.50
"2020-11",17.0,4,2.00
"2020-11",18.0,11,5.50
"2020-11",19.0,3,1.50
"2020-11",20.0,10,5.00
"2020-11",21.0,13,6.50
"2020-11",22.0,8,4.00
"2020-11",23.0,11,5.50
"2020-11",24.0,10,5.00
"2020-11",25.0,17,8.50
"2020-11",26.0,6,3.00
"2020-11",27.0,10,5.00
"2020-11",28.0,9,4.50
"2020-11",29.0,14,7.00
"2020-11",30.0,15,7.50
"2020-11",31.0,12,6.00
"2020-11",32.0,3,1.50
"2020-11",33.0,9,4.50
"2020-11",34.0,5,2.50
"2020-11",35.0,3,1.50
"2020-11",36.0,8,4.00
"2020-11",37.0,8,4.00
"2020-11",38.0,10,5.00
"2020-11",39.0,8,4.00
"2020-11",40.0,10,5.00
"2020-11",41.0,9,4.50
"2020-11",42.0,9,4.50
"2020-11",43.0,12,6.00
"2020-11",44.0,9,4.50
"2020-11",45.0,8,4.00
"2020-11",46.0,5,2.50
"2020-11",47.0,9,4.50
"2020-11",48.0,7,3.50
"2020-11",49.0,10,5.00
"2020-11",50.0,6,3.00
"2020-11",51.0,8,4.00
"2020-11",52.0,12,6.00
"2020-11",53.0,3,1.50
"2020-11",54.0,11,5.50
"2020-11",55.0,8,4.00
"2020-11",56.0,11,5.50
"2020-11",57.0,9,4.50
"2020-11",58.0,3,1.50
"2020-11",59.0,11,5.50
"2020-11",60.0,11,5.50
"2020-11",61.0,6,3.00
"2020-11",62.0,9,4.50
"2020-11",63.0,7,3.50
"2020-11",64.0,7,3.50
"2020-12",0.0,219,100.00
"2020-12",1.0,13,5.94
"2020-12",2.0,12,5.48
"2020-12",3.0,7,3.20
"2020-12",4.0,9,4.11
"2020-12",5.0,8,3.65
"2020-12",6.0,6,2.74
"2020-12",7.0,4,1.83
"2020-12",8.0,7,3.20
"2020-12",9.0,9,4.11
"2020-12",10.0,11,5.02
"2020-12",11.0,10,4.57
"2020-12",12.0,12,5.48
"2020-12",13.0,7,3.20
"2020-12",14.0,11,5.02
"2020-12",15.0,5,2.28
"2020-12",16.0,8,3.65
"2020-12",17.0,8,3.65
"2020-12",18.0,8,3.65
"2020-12",19.0,5,2.28
"2020-12",20.0,3,1.37
"2020-12",21.0,8,3.65
"2020-12",22.0,14,6.39
"2020-12",23.0,8,3.65
"2020-12",24.0,10,4.57
"2020-12",25.0,6,2.74
"2020-12",26.0,7,3.20
"2020-12",27.0,13,5.94
"2020-12",28.0,9,4.11
"2020-12",29.0,6,2.74
"2020-12",30.0,13,5.94
"2020-12",31.0,8,3.65
"2020-12",32.0,6,2.74
"2020-12",33.0,9,4.11
"2020-12",34.0,11,5.02
"2020-12",35.0,16,7.31
"2020-12",36.0,8,3.65
"2020-12",37.0,12,5.48
"2020-12",38.0,8,3.65
"2020-12",39.0,11,5.02
"2020-12",40.0,11,5.02
"2020-12",41.0,7,3.20
"2020-12",42.0,6,2.74
"2020-12",43.0,10,4.57
"2020-12",44.0,8,3.65
"2020-12",45.0,9,4.11
"2020-12",46.0,10,4.57
"2020-12",47.0,11,5.02
"2020-12",48.0,4,1.83
"2020-12",49.0,9,4.11
"2020-12",50.0,12,5.48
"2020-12",51.0,7,3.20
"2020-12",52.0,6,2.74
"2020-12",53.0,6,2.74
"2020-12",54.0,4,1.83
"2020-12",55.0,10,4.57
"2020-12",56.0,10,4.57
"2020-12",57.0,9,4.11
"2020-12",58.0,11,5.02
"2020-12",59.0,6,2.74
"2020-12",60.0,7,3.20
"2020-12",61.0,10,4.57
"2020-12",62.0,7,3.20
"2020-12",63.0,16,7.31
"2021-01",0.0,205,100.00
"2021-01",1.0,4,1.95
"2021-01",2.0,6,2.93
"2021-01",3.0,9,4.39
"2021-01",4.0,7,3.41
"2021-01",5.0,7,3.41
"2021-01",6.0,6,2.93
"2021-01",7.0,8,3.90
"2021-01",8.0,8,3.90
"2021-01",9.0,6,2.93
"2021-01",10.0,8,3.90
"2021-01",11.0,8,3.90
"2021-01",12.0,4,1.95
"2021-01",13.0,4,1.95
"2021-01",14.0,5,2.44
"2021-01",15.0,4,1.95
"2021-01",16.0,7,3.41
"2021-01",17.0,10,4.88
"2021-01",18.0,13,6.34
"2021-01",19.0,9,4.39
"2021-01",20.0,10,4.88
"2021-01",21.0,4,1.95
"2021-01",22.0,8,3.90
"2021-01",23.0,8,3.90
"2021-01",24.0,13,6.34
"2021-01",25.0,10,4.88
"2021-01",26.0,7,3.41
"2021-01",27.0,6,2.93
"2021-01",28.0,6,2.93
"2021-01",29.0,11,5.37
"2021-01",30.0,8,3.90
"2021-01",31.0,6,2.93
"2021-01",32.0,7,3.41
"2021-01",33.0,8,3.90
"2021-01",34.0,7,3.41
"2021-01",35.0,4,1.95
"2021-01",36.0,7,3.41
"2021-01",37.0,7,3.41
"2021-01",38.0,11,5.37
"2021-01",39.0,9,4.39
"2021-01",40.0,8,3.90
"2021-01",41.0,8,3.90
"2021-01",42.0,8,3.90
"2021-01",43.0,12,5.85
"2021-01",44.0,8,3.90
"2021-01",45.0,7,3.41
"2021-01",46.0,7,3.41
"2021-01",47.0,11,5.37
"2021-01",48.0,8,3.90
"2021-01",49.0,11,5.37
"2021-01",50.0,9,4.39
"2021-01",51.0,10,4.88
"2021-01",52.0,8,3.90
"2021-01",53.0,9,4.39
"2021-01",54.0,8,3.90
"2021-01",55.0,14,6.83
"2021-01",56.0,11,5.37
"2021-01",57.0,9,4.39
"2021-01",58.0,5,2.44
"2021-01",59.0,4,1.95
"2021-01",60.0,9,4.39
"2021-01",61.0,8,3.90
"2021-01",62.0,10,4.88
"2021-02",0.0,183,100.00
"2021-02",1.0,12,6.56
"2021-02",2.0,4,2.19
"2021-02",3.0,10,5.46
"2021-02",4.0,7,3.83
"2021-02",5.0,5,2.73
"2021-02",6.0,9,4.92
"2021-02",7.0,6,3.28
"2021-02",8.0,5,2.73
"2021-02",9.0,7,3.83
"2021-02",10.0,7,3.83
"2021-02",11.0,7,3.83
"2021-02",12.0,5,2.73
"2021-02",13.0,4,2.19
"2021-02",14.0,8,4.37
"2021-02",15.0,9,4.92
"2021-02",16.0,4,2.19
"2021-02",17.0,10,5.46
"2021-02",18.0,13,7.10
"2021-02",19.0,7,3.83
"2021-02",20.0,6,3.28
"2021-02",21.0,7,3.83
"2021-02",22.0,10,5.46
"2021-02",23.0,9,4.92
"2021-02",24.0,5,2.73
"2021-02",25.0,8,4.37
"2021-02",26.0,7,3.83
"2021-02",27.0,12,6.56
"2021-02",28.0,5,2.73
"2021-02",29.0,10,5.46
"2021-02",30.0,10,5.46
"2021-02",31.0,6,3.28
"2021-02",32.0,8,4.37
"2021-02",33.0,10,5.46
"2021-02",34.0,9,4.92
"2021-02",35.0,7,3.83
"2021-02",36.0,4,2.19
"2021-02",37.0,9,4.92
"2021-02",38.0,11,6.01
"2021-02",39.0,8,4.37
"2021-02",40.0,6,3.28
"2021-02",41.0,6,3.28
"2021-02",42.0,7,3.83
"2021-02",43.0,8,4.37
"2021-02",44.0,7,3.83
"2021-02",45.0,9,4.92
"2021-02",46.0,9,4.92
"2021-02",47.0,11,6.01
"2021-02",48.0,11,6.01
"2021-02",49.0,9,4.92
"2021-02",50.0,9,4.92
"2021-02",51.0,9,4.92
"2021-02",52.0,9,4.92
"2021-02",53.0,7,3.83
"2021-02",54.0,9,4.92
"2021-02",55.0,6,3.28
"2021-02",56.0,7,3.83
"2021-02",57.0,8,4.37
"2021-02",58.0,12,6.56
"2021-02",59.0,7,3.83
"2021-02",60.0,13,7.10
"2021-02",61.0,9,4.92
"2021-03",0.0,185,100.00
"2021-03",1.0,5,2.70
"2021-03",2.0,8,4.32
"2021-03",3.0,6,3.24
"2021-03",4.0,6,3.24
"2021-03",5.0,4,2.16
"2021-03",6.0,6,3.24
"2021-03",7.0,9,4.86
"2021-03",8.0,8,4.32
"2021-03",9.0,7,3.78
"2021-03",10.0,10,5.41
"2021-03",11.0,6,3.24
"2021-03",12.0,5,2.70
"2021-03",13.0,7,3.78
"2021-03",14.0,9,4.86
"2021-03",15.0,6,3.24
"2021-03",16.0,6,3.24
"2021-03",17.0,8,4.32
"2021-03",18.0,10,5.41
"2021-03",19.0,11,5.95
"2021-03",20.0,10,5.41
"2021-03",21.0,4,2.16
"2021-03",22.0,10,5.41
"2021-03",23.0,4,2.16
"2021-03",24.0,8,4.32
"2021-03",25.0,10,5.41
"2021-03",26.0,5,2.70
"2021-03",27.0,7,3.78
"2021-03",28.0,7,3.78
"2021-03",29.0,9,4.86
"2021-03",30.0,8,4.32
"2021-03",31.0,8,4.32
"2021-03",32.0,8,4.32
"2021-03",33.0,13,7.03
"2021-03",34.0,8,4.32
"2021-03",35.0,7,3.78
"2021-03",36.0,11,5.95
"2021-03",37.0,5,2.70
"2021-03",38.0,9,4.86
"2021-03",39.0,7,3.78
"2021-03",40.0,7,3.78
"2021-03",41.0,9,4.86
"2021-03",42.0,10,5.41
"2021-03",43.0,5,2.70
"2021-03",44.0,6,3.24
"2021-03",45.0,9,4.86
"2021-03",46.0,5,2.70
"2021-03",47.0,9,4.86
"2021-03",48.0,13,7.03
"2021-03",49.0,7,3.78
"2021-03",50.0,7,3.78
"2021-03",51.0,5,2.70
"2021-03",52.0,12,6.49
"2021-03",53.0,6,3.24
"2021-03",54.0,5,2.70
"2021-03",55.0,4,2.16
"2021-03",56.0,6,3.24
"2021-03",57.0,6,3.24
"2021-03",58.0,10,5.41
"2021-03",59.0,7,3.78
"2021-03",60.0,11,5.95
"2021-04",0.0,140,100.00
"2021-04",1.0,5,3.57
"2021-04",2.0,2,1.43
"2021-04",3.0,7,5.00
"2021-04",4.0,8,5.71
"2021-04",5.0,9,6.43
"2021-04",6.0,9,6.43
"2021-04",7.0,6,4.29
"2021-04",8.0,7,5.00
"2021-04",9.0,5,3.57
"2021-04",10.0,4,2.86
"2021-04",11.0,8,5.71
"2021-04",12.0,4,2.86
"2021-04",13.0,7,5.00
"2021-04",14.0,5,3.57
"2021-04",15.0,5,3.57
"2021-04",16.0,6,4.29
"2021-04",17.0,7,5.00
"2021-04",18.0,5,3.57
"2021-04",19.0,5,3.57
"2021-04",20.0,5,3.57
"2021-04",21.0,6,4.29
"2021-04",22.0,3,2.14
"2021-04",23.0,2,1.43
"2021-04",24.0,7,5.00
"2021-04",25.0,8,5.71
"2021-04",26.0,4,2.86
"2021-04",27.0,4,2.86
"2021-04",28.0,4,2.86
"2021-04",29.0,8,5.71
"2021-04",30.0,5,3.57
"2021-04",31.0,5,3.57
"2021-04",32.0,7,5.00
"2021-04",33.0,5,3.57
"2021-04",34.0,3,2.14
"2021-04",35.0,4,2.86
"2021-04",36.0,4,2.86
"2021-04",37.0,5,3.57
"2021-04",38.0,3,2.14
"2021-04",39.0,5,3.57
"2021-04",40.0,3,2.14
"2021-04",41.0,3,2.14
"2021-04",42.0,2,1.43
"2021-04",43.0,3,2.14
"2021-04",44.0,3,2.14
"2021-04",45.0,6,4.29
"2021-04",46.0,4,2.86
"2021-04",47.0,8,5.71
"2021-04",48.0,5,3.57
"2021-04",49.0,3,2.14
"2021-04",50.0,8,5.71
"2021-04",51.0,8,5.71
"2021-04",52.0,10,7.14
"2021-04",53.0,2,1.43
"2021-04",54.0,8,5.71
"2021-04",55.0,5,3.57
"2021-04",56.0,4,2.86
"2021-04",57.0,3,2.14
"2021-04",58.0,6,4.29
"2021-04",59.0,4,2.86
"2021-05",0.0,164,100.00
"2021-05",1.0,4,2.44
"2021-05",2.0,8,4.88
"2021-05",3.0,5,3.05
"2021-05",4.0,5,3.05
"2021-05",5.0,9,5.49
"2021-05",6.0,4,2.44
"2021-05",7.0,12,7.32
"2021-05",8.0,6,3.66
"2021-05",9.0,3,1.83
"2021-05",10.0,11,6.71
"2021-05",11.0,10,6.10
"2021-05",12.0,6,3.66
"2021-05",13.0,9,5.49
"2021-05",14.0,7,4.27
"2021-05",15.0,5,3.05
"2021-05",16.0,9,5.49
"2021-05",17.0,5,3.05
"2021-05",18.0,9,5.49
"2021-05",19.0,6,3.66
"2021-05",20.0,5,3.05
"2021-05",21.0,6,3.66
"2021-05",22.0,3,1.83
"2021-05",23.0,6,3.66
"2021-05",24.0,6,3.66
"2021-05",25.0,6,3.66
"2021-05",26.0,7,4.27
"2021-05",27.0,2,1.22
"2021-05",28.0,6,3.66
"2021-05",29.0,7,4.27
"2021-05",30.0,7,4.27
"2021-05",31.0,12,7.32
"2021-05",32.0,4,2.44
"2021-05",33.0,9,5.49
"2021-05",34.0,14,8.54
"2021-05",35.0,4,2.44
"2021-05",36.0,4,2.44
"2021-05",37.0,14,8.54
"2021-05",38.0,7,4.27
"2021-05",39.0,7,4.27
"2021-05",40.0,6,3.66
"2021-05",41.0,6,3.66
"2021-05",42.0,6,3.66
"2021-05",43.0,4,2.44
"2021-05",44.0,10,6.10
"2021-05",45.0,7,4.27
"2021-05",46.0,8,4.88
"2021-05",48.0,9,5.49
"2021-05",49.0,7,4.27
"2021-05",50.0,7,4.27
"2021-05",51.0,5,3.05
"2021-05",52.0,2,1.22
"2021-05",53.0,5,3.05
"2021-05",54.0,10,6.10
"2021-05",55.0,9,5.49
"2021-05",56.0,5,3.05
"2021-05",57.0,9,5.49
"2021-05",58.0,5,3.05
"2021-06",0.0,158,100.00
"2021-06",1.0,6,3.80
"2021-06",2.0,4,2.53
"2021-06",3.0,3,1.90
"2021-06",4.0,8,5.06
"2021-06",5.0,6,3.80
"2021-06",6.0,11,6.96
"2021-06",7.0,6,3.80
"2021-06",8.0,1,0.63
"2021-06",9.0,5,3.16
"2021-06",10.0,7,4.43
"2021-06",11.0,9,5.70
"2021-06",12.0,5,3.16
"2021-06",13.0,6,3.80
"2021-06",14.0,4,2.53
"2021-06",15.0,3,1.90
"2021-06",16.0,11,6.96
"2021-06",17.0,6,3.80
"2021-06",18.0,5,3.16
"2021-06",19.0,7,4.43
"2021-06",20.0,4,2.53
"2021-06",21.0,5,3.16
"2021-06",22.0,6,3.80
"2021-06",23.0,3,1.90
"2021-06",24.0,9,5.70
"2021-06",25.0,10,6.33
"2021-06",26.0,3,1.90
"2021-06",27.0,8,5.06
"2021-06",28.0,7,4.43
"2021-06",29.0,7,4.43
"2021-06",30.0,10,6.33
"2021-06",31.0,7,4.43
"2021-06",32.0,3,1.90
"2021-06",33.0,4,2.53
"2021-06",34.0,1,0.63
"2021-06",35.0,5,3.16
"2021-06",36.0,5,3.16
"2021-06",37.0,7,4.43
"2021-06",38.0,5,3.16
"2021-06",39.0,7,4.43
"2021-06",40.0,8,5.06
"2021-06",41.0,7,4.43
"2021-06",42.0,5,3.16
"2021-06",43.0,6,3.80
"2021-06",44.0,1,0.63
"2021-06",45.0,9,5.70
"2021-06",46.0,5,3.16
"2021-06",47.0,8,5.06
"2021-06",48.0,7,4.43
"2021-06",49.0,8,5.06
"2021-06",50.0,8,5.06
"2021-06",51.0,7,4.43
"2021-06",52.0,11,6.96
"2021-06",53.0,3,1.90
"2021-06",54.0,8,5.06
"2021-06",55.0,4,2.53
"2021-06",56.0,6,3.80
"2021-06",57.0,8,5.06
"2021-07",0.0,164,100.00
"2021-07",1.0,6,3.66
"2021-07",2.0,9,5.49
"2021-07",3.0,10,6.10
"2021-07",4.0,4,2.44
"2021-07",5.0,13,7.93
"2021-07",6.0,4,2.44
"2021-07",7.0,6,3.66
"2021-07",8.0,7,4.27
"2021-07",9.0,4,2.44
"2021-07",10.0,5,3.05
"2021-07",11.0,5,3.05
"2021-07",12.0,7,4.27
"2021-07",13.0,9,5.49
"2021-07",14.0,9,5.49
"2021-07",15.0,5,3.05
"2021-07",16.0,11,6.71
"2021-07",17.0,4,2.44
"2021-07",18.0,8,4.88
"2021-07",19.0,3,1.83
"2021-07",20.0,8,4.88
"2021-07",21.0,7,4.27
"2021-07",22.0,7,4.27
"2021-07",23.0,6,3.66
"2021-07",24.0,3,1.83
"2021-07",25.0,8,4.88
"2021-07",26.0,8,4.88
"2021-07",27.0,4,2.44
"2021-07",28.0,10,6.10
"2021-07",29.0,5,3.05
"2021-07",30.0,6,3.66
"2021-07",31.0,4,2.44
"2021-07",32.0,9,5.49
"2021-07",33.0,8,4.88
"2021-07",34.0,7,4.27
"2021-07",35.0,3,1.83
"2021-07",36.0,6,3.66
"2021-07",37.0,8,4.88
"2021-07",38.0,3,1.83
"2021-07",39.0,7,4.27
"2021-07",40.0,2,1.22
"2021-07",41.0,3,1.83
"2021-07",42.0,4,2.44
"2021-07",43.0,8,4.88
"2021-07",44.0,8,4.88
"2021-07",45.0,7,4.27
"2021-07",46.0,11,6.71
"2021-07",47.0,3,1.83
"2021-07",48.0,9,5.49
"2021-07",49.0,11,6.71
"2021-07",50.0,5,3.05
"2021-07",51.0,8,4.88
"2021-07",52.0,3,1.83
"2021-07",53.0,6,3.66
"2021-07",54.0,7,4.27
"2021-07",55.0,6,3.66
"2021-07",56.0,10,6.10
"2021-08",0.0,147,100.00
"2021-08",1.0,3,2.04
"2021-08",2.0,13,8.84
"2021-08",3.0,4,2.72
"2021-08",4.0,7,4.76
"2021-08",5.0,7,4.76
"2021-08",6.0,9,6.12
"2021-08",7.0,5,3.40
"2021-08",8.0,8,5.44
"2021-08",9.0,7,4.76
"2021-08",10.0,7,4.76
"2021-08",11.0,10,6.80
"2021-08",12.0,6,4.08
"2021-08",13.0,8,5.44
"2021-08",14.0,8,5.44
"2021-08",15.0,3,2.04
"2021-08",16.0,3,2.04
"2021-08",17.0,8,5.44
"2021-08",18.0,7,4.76
"2021-08",19.0,5,3.40
"2021-08",20.0,10,6.80
"2021-08",21.0,3,2.04
"2021-08",22.0,6,4.08
"2021-08",23.0,6,4.08
"2021-08",24.0,8,5.44
"2021-08",25.0,5,3.40
"2021-08",26.0,7,4.76
"2021-08",27.0,7,4.76
"2021-08",28.0,7,4.76
"2021-08",29.0,7,4.76
"2021-08",30.0,8,5.44
"2021-08",31.0,1,0.68
"2021-08",32.0,7,4.76
"2021-08",33.0,8,5.44
"2021-08",34.0,8,5.44
"2021-08",35.0,5,3.40
"2021-08",36.0,1,0.68
"2021-08",37.0,5,3.40
"2021-08",38.0,8,5.44
"2021-08",39.0,5,3.40
"2021-08",40.0,8,5.44
"2021-08",41.0,7,4.76
"2021-08",42.0,5,3.40
"2021-08",43.0,9,6.12
"2021-08",44.0,4,2.72
"2021-08",45.0,6,4.08
"2021-08",46.0,5,3.40
"2021-08",47.0,7,4.76
"2021-08",48.0,8,5.44
"2021-08",49.0,4,2.72
"2021-08",50.0,5,3.40
"2021-08",51.0,3,2.04
"2021-08",52.0,5,3.40
"2021-08",53.0,10,6.80
"2021-08",54.0,5,3.40
"2021-08",55.0,6,4.08
"2021-09",0.0,142,100.00
"2021-09",1.0,6,4.23
"2021-09",2.0,3,2.11
"2021-09",3.0,8,5.63
"2021-09",4.0,5,3.52
"2021-09",5.0,10,7.04
"2021-09",6.0,5,3.52
"2021-09",7.0,11,7.75
"2021-09",8.0,5,3.52
"2021-09",9.0,3,2.11
"2021-09",10.0,4,2.82
"2021-09",11.0,6,4.23
"2021-09",12.0,5,3.52
"2021-09",13.0,9,6.34
"2021-09",14.0,8,5.63
"2021-09",15.0,3,2.11
"2021-09",16.0,2,1.41
"2021-09",17.0,2,1.41
"2021-09",18.0,11,7.75
"2021-09",19.0,8,5.63
"2021-09",20.0,9,6.34
"2021-09",21.0,4,2.82
"2021-09",22.0,11,7.75
"2021-09",23.0,8,5.63
"2021-09",24.0,3,2.11
"2021-09",25.0,2,1.41
"2021-09",26.0,9,6.34
"2021-09",27.0,7,4.93
"2021-09",28.0,3,2.11
"2021-09",29.0,5,3.52
"2021-09",30.0,3,2.11
"2021-09",31.0,2,1.41
"2021-09",32.0,4,2.82
"2021-09",33.0,5,3.52
"2021-09",34.0,4,2.82
"2021-09",35.0,10,7.04
"2021-09",36.0,6,4.23
"2021-09",37.0,3,2.11
"2021-09",38.0,8,5.63
"2021-09",39.0,4,2.82
"2021-09",40.0,3,2.11
"2021-09",41.0,4,2.82
"2021-09",42.0,9,6.34
"2021-09",43.0,3,2.11
"2021-09",44.0,3,2.11
"2021-09",45.0,4,2.82
"2021-09",46.0,7,4.93
"2021-09",47.0,4,2.82
"2021-09",48.0,8,5.63
"2021-09",49.0,9,6.34
"2021-09",50.0,7,4.93
"2021-09",51.0,4,2.82
"2021-09",52.0,7,4.93
"2021-09",53.0,8,5.63
"2021-09",54.0,12,8.45
"2021-10",0.0,143,100.00
"2021-10",1.0,10,6.99
"2021-10",2.0,6,4.20
"2021-10",3.0,3,2.10
"2021-10",4.0,4,2.80
"2021-10",5.0,5,3.50
"2021-10",6.0,4,2.80
"2021-10",7.0,6,4.20
"2021-10",8.0,4,2.80
"2021-10",9.0,4,2.80
"2021-10",10.0,7,4.90
"2021-10",11.0,5,3.50
"2021-10",12.0,8,5.59
"2021-10",13.0,10,6.99
"2021-10",14.0,8,5.59
"2021-10",15.0,6,4.20
"2021-10",16.0,5,3.50
"2021-10",17.0,8,5.59
"2021-10",18.0,4,2.80
"2021-10",19.0,3,2.10
"2021-10",20.0,12,8.39
"2021-10",21.0,9,6.29
"2021-10",22.0,5,3.50
"2021-10",23.0,8,5.59
"2021-10",24.0,5,3.50
"2021-10",25.0,5,3.50
"2021-10",26.0,6,4.20
"2021-10",27.0,6,4.20
"2021-10",28.0,7,4.90
"2021-10",29.0,5,3.50
"2021-10",30.0,5,3.50
"2021-10",31.0,4,2.80
"2021-10",32.0,3,2.10
"2021-10",33.0,12,8.39
"2021-10",34.0,6,4.20
"2021-10",35.0,3,2.10
"2021-10",36.0,3,2.10
"2021-10",37.0,10,6.99
"2021-10",38.0,6,4.20
"2021-10",39.0,7,4.90
"2021-10",40.0,7,4.90
"2021-10",41.0,5,3.50
"2021-10",42.0,5,3.50
"2021-10",43.0,11,7.69
"2021-10",44.0,6,4.20
"2021-10",45.0,1,0.70
"2021-10",46.0,2,1.40
"2021-10",47.0,6,4.20
"2021-10",48.0,8,5.59
"2021-10",49.0,5,3.50
"2021-10",50.0,6,4.20
"2021-10",51.0,5,3.50
"2021-10",52.0,8,5.59
"2021-10",53.0,5,3.50
"2021-11",0.0,144,100.00
"2021-11",1.0,7,4.86
"2021-11",2.0,8,5.56
"2021-11",3.0,5,3.47
"2021-11",4.0,7,4.86
"2021-11",5.0,6,4.17
"2021-11",6.0,7,4.86
"2021-11",7.0,4,2.78
"2021-11",8.0,6,4.17
"2021-11",9.0,5,3.47
"2021-11",10.0,4,2.78
"2021-11",11.0,5,3.47
"2021-11",12.0,8,5.56
"2021-11",13.0,7,4.86
"2021-11",14.0,8,5.56
"2021-11",15.0,3,2.08
"2021-11",16.0,5,3.47
"2021-11",17.0,7,4.86
"2021-11",18.0,5,3.47
"2021-11",19.0,5,3.47
"2021-11",20.0,8,5.56
"2021-11",21.0,2,1.39
"2021-11",22.0,3,2.08
"2021-11",23.0,5,3.47
"2021-11",24.0,7,4.86
"2021-11",25.0,6,4.17
"2021-11",26.0,8,5.56
"2021-11",27.0,5,3.47
"2021-11",28.0,8,5.56
"2021-11",29.0,6,4.17
"2021-11",30.0,3,2.08
"2021-11",31.0,2,1.39
"2021-11",32.0,6,4.17
"2021-11",33.0,3,2.08
"2021-11",34.0,5,3.47
"2021-11",35.0,5,3.47
"2021-11",36.0,3,2.08
"2021-11",37.0,6,4.17
"2021-11",38.0,7,4.86
"2021-11",39.0,8,5.56
"2021-11",40.0,10,6.94
"2021-11",41.0,5,3.47
"2021-11",42.0,6,4.17
"2021-11",43.0,2,1.39
"2021-11",44.0,5,3.47
"2021-11",45.0,2,1.39
"2021-11",46.0,6,4.17
"2021-11",47.0,8,5.56
"2021-11",48.0,7,4.86
"2021-11",49.0,5,3.47
"2021-11",50.0,6,4.17
"2021-11",51.0,5,3.47
"2021-11",52.0,5,3.47
"2021-12",0.0,129,100.00
"2021-12",1.0,8,6.20
"2021-12",2.0,3,2.33
"2021-12",3.0,2,1.55
"2021-12",4.0,4,3.10
"2021-12",5.0,1,0.78
"2021-12",6.0,3,2.33
"2021-12",7.0,6,4.65
"2021-12",8.0,7,5.43
"2021-12",9.0,5,3.88
"2021-12",10.0,3,2.33
"2021-12",11.0,6,4.65
"2021-12",12.0,5,3.88
"2021-12",13.0,6,4.65
"2021-12",14.0,9,6.98
"2021-12",15.0,5,3.88
"2021-12",16.0,5,3.88
"2021-12",17.0,6,4.65
"2021-12",18.0,10,7.75
"2021-12",19.0,8,6.20
"2021-12",20.0,8,6.20
"2021-12",21.0,3,2.33
"2021-12",22.0,5,3.88
"2021-12",23.0,6,4.65
"2021-12",24.0,3,2.33
"2021-12",25.0,8,6.20
"2021-12",26.0,2,1.55
"2021-12",27.0,2,1.55
"2021-12",28.0,7,5.43
"2021-12",29.0,3,2.33
"2021-12",30.0,5,3.88
"2021-12",31.0,1,0.78
"2021-12",32.0,7,5.43
"2021-12",33.0,3,2.33
"2021-12",34.0,4,3.10
"2021-12",35.0,6,4.65
"2021-12",36.0,5,3.88
"2021-12",37.0,4,3.10
"2021-12",38.0,4,3.10
"2021-12",39.0,5,3.88
"2021-12",40.0,6,4.65
"2021-12",41.0,5,3.88
"2021-12",42.0,9,6.98
"2021-12",43.0,4,3.10
"2021-12",44.0,8,6.20
"2021-12",45.0,9,6.98
"2021-12",46.0,6,4.65
"2021-12",47.0,4,3.10
"2021-12",48.0,7,5.43
"2021-12",49.0,7,5.43
"2021-12",50.0,4,3.10
"2021-12",51.0,7,5.43
"2022-01",0.0,132,100.00
"2022-01",1.0,7,5.30
"2022-01",2.0,5,3.79
"2022-01",3.0,3,2.27
"2022-01",4.0,2,1.52
"2022-01",5.0,3,2.27
"2022-01",6.0,4,3.03
"2022-01",7.0,3,2.27
"2022-01",8.0,4,3.03
"2022-01",9.0,5,3.79
"2022-01",10.0,4,3.03
"2022-01",11.0,5,3.79
"2022-01",12.0,6,4.55
"2022-01",13.0,8,6.06
"2022-01",14.0,5,3.79
"2022-01",15.0,7,5.30
"2022-01",16.0,2,1.52
"2022-01",17.0,11,8.33
"2022-01",18.0,1,0.76
"2022-01",19.0,5,3.79
"2022-01",20.0,5,3.79
"2022-01",21.0,5,3.79
"2022-01",22.0,2,1.52
"2022-01",23.0,8,6.06
"2022-01",24.0,7,5.30
"2022-01",25.0,7,5.30
"2022-01",26.0,3,2.27
"2022-01",27.0,7,5.30
"2022-01",28.0,7,5.30
"2022-01",29.0,8,6.06
"2022-01",30.0,8,6.06
"2022-01",31.0,3,2.27
"2022-01",32.0,7,5.30
"2022-01",33.0,2,1.52
"2022-01",34.0,5,3.79
"2022-01",35.0,3,2.27
"2022-01",36.0,7,5.30
"2022-01",37.0,4,3.03
"2022-01",38.0,5,3.79
"2022-01",39.0,9,6.82
"2022-01",40.0,4,3.03
"2022-01",41.0,9,6.82
"2022-01",42.0,4,3.03
"2022-01",43.0,5,3.79
"2022-01",44.0,6,4.55
"2022-01",45.0,6,4.55
"2022-01",46.0,6,4.55
"2022-01",47.0,7,5.30
"2022-01",48.0,8,6.06
"2022-01",49.0,4,3.03
"2022-01",50.0,7,5.30
"2022-02",0.0,104,100.00
"2022-02",1.0,8,7.69
"2022-02",2.0,2,1.92
"2022-02",3.0,7,6.73
"2022-02",4.0,3,2.88
"2022-02",5.0,8,7.69
"2022-02",6.0,5,4.81
"2022-02",7.0,7,6.73
"2022-02",8.0,6,5.77
"2022-02",9.0,5,4.81
"2022-02",10.0,3,2.88
"2022-02",11.0,4,3.85
"2022-02",12.0,6,5.77
"2022-02",13.0,2,1.92
"2022-02",14.0,4,3.85
"2022-02",15.0,3,2.88
"2022-02",16.0,8,7.69
"2022-02",17.0,3,2.88
"2022-02",18.0,5,4.81
"2022-02",19.0,7,6.73
"2022-02",20.0,2,1.92
"2022-02",21.0,8,7.69
"2022-02",22.0,8,7.69
"2022-02",23.0,3,2.88
"2022-02",24.0,7,6.73
"2022-02",25.0,2,1.92
"2022-02",26.0,5,4.81
"2022-02",27.0,3,2.88
"2022-02",28.0,3,2.88
"2022-02",29.0,3,2.88
"2022-02",30.0,5,4.81
"2022-02",31.0,4,3.85
"2022-02",32.0,6,5.77
"2022-02",33.0,5,4.81
"2022-02",34.0,4,3.85
"2022-02",35.0,4,3.85
"2022-02",36.0,5,4.81
"2022-02",37.0,6,5.77
"2022-02",38.0,5,4.81
"2022-02",39.0,8,7.69
"2022-02",40.0,5,4.81
"2022-02",41.0,3,2.88
"2022-02",42.0,4,3.85
"2022-02",43.0,4,3.85
"2022-02",44.0,6,5.77
"2022-02",45.0,6,5.77
"2022-02",46.0,3,2.88
"2022-02",47.0,7,6.73
"2022-02",48.0,7,6.73
"2022-02",49.0,4,3.85
"2022-03",0.0,109,100.00
"2022-03",1.0,4,3.67
"2022-03",2.0,3,2.75
"2022-03",3.0,4,3.67
"2022-03",4.0,5,4.59
"2022-03",5.0,5,4.59
"2022-03",6.0,6,5.50
"2022-03",7.0,7,6.42
"2022-03",8.0,8,7.34
"2022-03",9.0,7,6.42
"2022-03",10.0,4,3.67
"2022-03",11.0,4,3.67
"2022-03",12.0,2,1.83
"2022-03",13.0,3,2.75
"2022-03",14.0,1,0.92
"2022-03",15.0,5,4.59
"2022-03",16.0,3,2.75
"2022-03",17.0,4,3.67
"2022-03",18.0,6,5.50
"2022-03",19.0,4,3.67
"2022-03",20.0,3,2.75
"2022-03",21.0,2,1.83
"2022-03",22.0,5,4.59
"2022-03",23.0,2,1.83
"2022-03",24.0,7,6.42
"2022-03",25.0,5,4.59
"2022-03",26.0,4,3.67
"2022-03",27.0,3,2.75
"2022-03",28.0,5,4.59
"2022-03",29.0,4,3.67
"2022-03",30.0,4,3.67
"2022-03",31.0,1,0.92
"2022-03",32.0,1,0.92
"2022-03",33.0,3,2.75
"2022-03",34.0,8,7.34
"2022-03",35.0,6,5.50
"2022-03",36.0,3,2.75
"2022-03",37.0,10,9.17
"2022-03",38.0,4,3.67
"2022-03",39.0,11,10.09
"2022-03",40.0,2,1.83
"2022-03",41.0,4,3.67
"2022-03",42.0,4,3.67
"2022-03",43.0,3,2.75
"2022-03",44.0,7,6.42
"2022-03",45.0,8,7.34
"2022-03",46.0,7,6.42
"2022-03",47.0,4,3.67
"2022-03",48.0,2,1.83
"2022-04",0.0,109,100.00
"2022-04",1.0,7,6.42
"2022-04",2.0,4,3.67
"2022-04",3.0,3,2.75
"2022-04",4.0,3,2.75
"2022-04",5.0,4,3.67
"2022-04",6.0,7,6.42
"2022-04",7.0,2,1.83
"2022-04",8.0,5,4.59
"2022-04",9.0,4,3.67
"2022-04",10.0,5,4.59
"2022-04",11.0,3,2.75
"2022-04",12.0,2,1.83
"2022-04",13.0,6,5.50
"2022-04",14.0,2,1.83
"2022-04",15.0,4,3.67
"2022-04",16.0,3,2.75
"2022-04",17.0,2,1.83
"2022-04",18.0,1,0.92
"2022-04",19.0,4,3.67
"2022-04",20.0,4,3.67
"2022-04",21.0,3,2.75
"2022-04",22.0,7,6.42
"2022-04",23.0,4,3.67
"2022-04",24.0,2,1.83
"2022-04",25.0,1,0.92
"2022-04",26.0,5,4.59
"2022-04",27.0,5,4.59
"2022-04",28.0,1,0.92
"2022-04",29.0,8,7.34
"2022-04",30.0,4,3.67
"2022-04",31.0,7,6.42
"2022-04",32.0,2,1.83
"2022-04",33.0,3,2.75
"2022-04",34.0,2,1.83
"2022-04",35.0,3,2.75
"2022-04",36.0,3,2.75
"2022-04",37.0,2,1.83
"2022-04",38.0,4,3.67
"2022-04",39.0,8,7.34
"2022-04",40.0,6,5.50
"2022-04",41.0,7,6.42
"2022-04",42.0,4,3.67
"2022-04",43.0,2,1.83
"2022-04",44.0,4,3.67
"2022-04",45.0,5,4.59
"2022-04",46.0,5,4.59
"2022-04",47.0,6,5.50
"2022-05",0.0,99,100.00
"2022-05",1.0,3,3.03
"2022-05",2.0,3,3.03
"2022-05",3.0,2,2.02
"2022-05",4.0,3,3.03
"2022-05",5.0,6,6.06
"2022-05",6.0,4,4.04
"2022-05",7.0,1,1.01
"2022-05",8.0,1,1.01
"2022-05",9.0,3,3.03
"2022-05",10.0,5,5.05
"2022-05",11.0,8,8.08
"2022-05",12.0,4,4.04
"2022-05",13.0,4,4.04
"2022-05",14.0,3,3.03
"2022-05",15.0,4,4.04
"2022-05",16.0,7,7.07
"2022-05",17.0,5,5.05
"2022-05",18.0,6,6.06
"2022-05",19.0,6,6.06
"2022-05",20.0,5,5.05
"2022-05",21.0,4,4.04
"2022-05",22.0,5,5.05
"2022-05",23.0,4,4.04
"2022-05",24.0,1,1.01
"2022-05",25.0,3,3.03
"2022-05",26.0,3,3.03
"2022-05",27.0,7,7.07
"2022-05",28.0,6,6.06
"2022-05",29.0,1,1.01
"2022-05",30.0,3,3.03
"2022-05",31.0,5,5.05
"2022-05",33.0,7,7.07
"2022-05",34.0,6,6.06
"2022-05",35.0,4,4.04
"2022-05",36.0,7,7.07
"2022-05",37.0,6,6.06
"2022-05",38.0,4,4.04
"2022-05",39.0,4,4.04
"2022-05",40.0,5,5.05
"2022-05",41.0,7,7.07
"2022-05",42.0,3,3.03
"2022-05",43.0,5,5.05
"2022-05",44.0,6,6.06
"2022-05",45.0,4,4.04
"2022-05",46.0,6,6.06
"2022-06",0.0,110,100.00
"2022-06",1.0,5,4.55
"2022-06",2.0,6,5.45
"2022-06",3.0,6,5.45
"2022-06",4.0,4,3.64
"2022-06",5.0,4,3.64
"2022-06",6.0,7,6.36
"2022-06",7.0,7,6.36
"2022-06",8.0,6,5.45
"2022-06",9.0,3,2.73
"2022-06",10.0,5,4.55
"2022-06",11.0,5,4.55
"2022-06",12.0,3,2.73
"2022-06",13.0,6,5.45
"2022-06",14.0,3,2.73
"2022-06",15.0,2,1.82
"2022-06",16.0,1,0.91
"2022-06",17.0,3,2.73
"2022-06",18.0,7,6.36
"2022-06",19.0,4,3.64
"2022-06",20.0,4,3.64
"2022-06",21.0,6,5.45
"2022-06",22.0,1,0.91
"2022-06",23.0,4,3.64
"2022-06",24.0,11,10.00
"2022-06",25.0,2,1.82
"2022-06",26.0,5,4.55
"2022-06",27.0,3,2.73
"2022-06",28.0,1,0.91
"2022-06",29.0,2,1.82
"2022-06",30.0,8,7.27
"2022-06",31.0,2,1.82
"2022-06",32.0,5,4.55
"2022-06",33.0,2,1.82
"2022-06",34.0,5,4.55
"2022-06",35.0,3,2.73
"2022-06",36.0,1,0.91
"2022-06",37.0,2,1.82
"2022-06",38.0,3,2.73
"2022-06",39.0,4,3.64
"2022-06",40.0,4,3.64
"2022-06",41.0,5,4.55
"2022-06",42.0,10,9.09
"2022-06",43.0,3,2.73
"2022-06",44.0,2,1.82
"2022-06",45.0,5,4.55
"2022-07",0.0,77,100.00
"2022-07",1.0,5,6.49
"2022-07",2.0,3,3.90
"2022-07",3.0,3,3.90
"2022-07",4.0,4,5.19
"2022-07",5.0,1,1.30
"2022-07",6.0,6,7.79
"2022-07",7.0,1,1.30
"2022-07",8.0,4,5.19
"2022-07",9.0,2,2.60
"2022-07",10.0,5,6.49
"2022-07",11.0,3,3.90
"2022-07",12.0,4,5.19
"2022-07",13.0,2,2.60
"2022-07",14.0,4,5.19
"2022-07",15.0,4,5.19
"2022-07",16.0,2,2.60
"2022-07",17.0,2,2.60
"2022-07",18.0,2,2.60
"2022-07",19.0,3,3.90
"2022-07",20.0,5,6.49
"2022-07",21.0,1,1.30
"2022-07",22.0,3,3.90
"2022-07",23.0,2,2.60
"2022-07",24.0,5,6.49
"2022-07",25.0,1,1.30
"2022-07",26.0,4,5.19
"2022-07",27.0,2,2.60
"2022-07",28.0,3,3.90
"2022-07",29.0,1,1.30
"2022-07",30.0,3,3.90
"2022-07",31.0,4,5.19
"2022-07",32.0,2,2.60
"2022-07",33.0,5,6.49
"2022-07",34.0,2,2.60
"2022-07",35.0,8,10.39
"2022-07",36.0,1,1.30
"2022-07",37.0,5,6.49
"2022-07",38.0,2,2.60
"2022-07",39.0,7,9.09
"2022-07",40.0,3,3.90
"2022-07",41.0,5,6.49
"2022-07",42.0,6,7.79
"2022-07",43.0,1,1.30
"2022-07",44.0,5,6.49
"2022-08",0.0,93,100.00
"2022-08",1.0,3,3.23
"2022-08",2.0,4,4.30
"2022-08",3.0,7,7.53
"2022-08",4.0,3,3.23
"2022-08",5.0,5,5.38
"2022-08",6.0,6,6.45
"2022-08",7.0,4,4.30
"2022-08",8.0,2,2.15
"2022-08",9.0,3,3.23
"2022-08",10.0,6,6.45
"2022-08",11.0,4,4.30
"2022-08",12.0,2,2.15
"2022-08",13.0,3,3.23
"2022-08",14.0,3,3.23
"2022-08",15.0,4,4.30
"2022-08",16.0,2,2.15
"2022-08",17.0,1,1.08
"2022-08",18.0,5,5.38
"2022-08",19.0,9,9.68
"2022-08",20.0,4,4.30
"2022-08",21.0,3,3.23
"2022-08",22.0,3,3.23
"2022-08",23.0,2,2.15
"2022-08",24.0,3,3.23
"2022-08",25.0,6,6.45
"2022-08",26.0,4,4.30
"2022-08",27.0,1,1.08
"2022-08",28.0,4,4.30
"2022-08",29.0,4,4.30
"2022-08",30.0,8,8.60
"2022-08",32.0,3,3.23
"2022-08",33.0,4,4.30
"2022-08",34.0,4,4.30
"2022-08",35.0,6,6.45
"2022-08",36.0,3,3.23
"2022-08",37.0,2,2.15
"2022-08",38.0,4,4.30
"2022-08",39.0,3,3.23
"2022-08",40.0,4,4.30
"2022-08",41.0,3,3.23
"2022-08",42.0,1,1.08
"2022-08",43.0,4,4.30
"2022-09",0.0,86,100.00
"2022-09",1.0,4,4.65
"2022-09",2.0,5,5.81
"2022-09",3.0,4,4.65
"2022-09",4.0,3,3.49
"2022-09",5.0,6,6.98
"2022-09",6.0,2,2.33
"2022-09",7.0,4,4.65
"2022-09",8.0,1,1.16
"2022-09",9.0,4,4.65
"2022-09",10.0,3,3.49
"2022-09",11.0,2,2.33
"2022-09",12.0,5,5.81
"2022-09",13.0,2,2.33
"2022-09",14.0,6,6.98
"2022-09",15.0,4,4.65
"2022-09",16.0,2,2.33
"2022-09",18.0,7,8.14
"2022-09",19.0,2,2.33
"2022-09",20.0,6,6.98
"2022-09",21.0,2,2.33
"2022-09",22.0,1,1.16
"2022-09",23.0,4,4.65
"2022-09",24.0,2,2.33
"2022-09",25.0,5,5.81
"2022-09",26.0,3,3.49
"2022-09",27.0,4,4.65
"2022-09",28.0,2,2.33
"2022-09",29.0,2,2.33
"2022-09",30.0,7,8.14
"2022-09",31.0,5,5.81
"2022-09",32.0,6,6.98
"2022-09",33.0,3,3.49
"2022-09",34.0,3,3.49
"2022-09",35.0,4,4.65
"2022-09",36.0,5,5.81
"2022-09",37.0,4,4.65
"2022-09",38.0,1,1.16
"2022-09",39.0,2,2.33
"2022-09",40.0,1,1.16
"2022-09",41.0,3,3.49
"2022-09",42.0,1,1.16
"2022-10",0.0,89,100.00
"2022-10",1.0,1,1.12
"2022-10",2.0,2,2.25
"2022-10",3.0,4,4.49
"2022-10",4.0,7,7.87
"2022-10",5.0,3,3.37
"2022-10",6.0,3,3.37
"2022-10",7.0,4,4.49
"2022-10",8.0,4,4.49
"2022-10",9.0,3,3.37
"2022-10",10.0,4,4.49
"2022-10",11.0,3,3.37
"2022-10",12.0,3,3.37
"2022-10",13.0,3,3.37
"2022-10",14.0,3,3.37
"2022-10",15.0,3,3.37
"2022-10",16.0,5,5.62
"2022-10",17.0,6,6.74
"2022-10",18.0,4,4.49
"2022-10",19.0,3,3.37
"2022-10",20.0,2,2.25
"2022-10",21.0,5,5.62
"2022-10",22.0,3,3.37
"2022-10",23.0,5,5.62
"2022-10",24.0,4,4.49
"2022-10",25.0,2,2.25
"2022-10",26.0,8,8.99
"2022-10",27.0,7,7.87
"2022-10",28.0,2,2.25
"2022-10",29.0,4,4.49
"2022-10",30.0,4,4.49
"2022-10",31.0,4,4.49
"2022-10",32.0,5,5.62
"2022-10",33.0,1,1.12
"2022-10",34.0,2,2.25
"2022-10",35.0,3,3.37
"2022-10",36.0,2,2.25
"2022-10",37.0,1,1.12
"2022-10",38.0,3,3.37
"2022-10",39.0,6,6.74
"2022-10",40.0,3,3.37
"2022-10",41.0,2,2.25
"2022-11",0.0,80,100.00
"2022-11",1.0,7,8.75
"2022-11",2.0,3,3.75
"2022-11",3.0,2,2.50
"2022-11",4.0,4,5.00
"2022-11",5.0,1,1.25
"2022-11",6.0,5,6.25
"2022-11",7.0,2,2.50
"2022-11",9.0,2,2.50
"2022-11",10.0,3,3.75
"2022-11",11.0,3,3.75
"2022-11",12.0,2,2.50
"2022-11",13.0,1,1.25
"2022-11",14.0,5,6.25
"2022-11",15.0,3,3.75
"2022-11",16.0,7,8.75
"2022-11",17.0,7,8.75
"2022-11",18.0,5,6.25
"2022-11",19.0,4,5.00
"2022-11",20.0,1,1.25
"2022-11",21.0,3,3.75
"2022-11",22.0,2,2.50
"2022-11",23.0,4,5.00
"2022-11",24.0,5,6.25
"2022-11",25.0,5,6.25
"2022-11",26.0,1,1.25
"2022-11",27.0,4,5.00
"2022-11",28.0,3,3.75
"2022-11",29.0,1,1.25
"2022-11",30.0,5,6.25
"2022-11",31.0,6,7.50
"2022-11",32.0,2,2.50
"2022-11",33.0,2,2.50
"2022-11",34.0,4,5.00
"2022-11",35.0,2,2.50
"2022-11",36.0,1,1.25
"2022-11",37.0,4,5.00
"2022-11",38.0,5,6.25
"2022-11",39.0,2,2.50
"2022-11",40.0,5,6.25
"2022-12",0.0,88,100.00
"2022-12",1.0,5,5.68
"2022-12",2.0,4,4.55
"2022-12",3.0,4,4.55
"2022-12",4.0,2,2.27
"2022-12",5.0,5,5.68
"2022-12",6.0,1,1.14
"2022-12",7.0,9,10.23
"2022-12",8.0,4,4.55
"2022-12",9.0,3,3.41
"2022-12",10.0,6,6.82
"2022-12",11.0,4,4.55
"2022-12",12.0,1,1.14
"2022-12",13.0,6,6.82
"2022-12",14.0,7,7.95
"2022-12",15.0,2,2.27
"2022-12",17.0,4,4.55
"2022-12",18.0,2,2.27
"2022-12",19.0,4,4.55
"2022-12",20.0,4,4.55
"2022-12",21.0,7,7.95
"2022-12",22.0,2,2.27
"2022-12",23.0,6,6.82
"2022-12",24.0,2,2.27
"2022-12",25.0,6,6.82
"2022-12",26.0,4,4.55
"2022-12",27.0,5,5.68
"2022-12",28.0,2,2.27
"2022-12",29.0,5,5.68
"2022-12",30.0,1,1.14
"2022-12",31.0,3,3.41
"2022-12",32.0,6,6.82
"2022-12",33.0,2,2.27
"2022-12",34.0,2,2.27
"2022-12",35.0,3,3.41
"2022-12",36.0,2,2.27
"2022-12",37.0,5,5.68
"2022-12",38.0,5,5.68
"2022-12",39.0,5,5.68
"2023-01",0.0,81,100.00
"2023-01",1.0,2,2.47
"2023-01",2.0,4,4.94
"2023-01",3.0,4,4.94
"2023-01",4.0,3,3.70
"2023-01",5.0,6,7.41
"2023-01",6.0,3,3.70
"2023-01",7.0,2,2.47
"2023-01",8.0,4,4.94
"2023-01",9.0,6,7.41
"2023-01",10.0,2,2.47
"2023-01",11.0,4,4.94
"2023-01",12.0,4,4.94
"2023-01",13.0,3,3.70
"2023-01",14.0,4,4.94
"2023-01",15.0,6,7.41
"2023-01",16.0,1,1.23
"2023-01",17.0,5,6.17
"2023-01",18.0,4,4.94
"2023-01",19.0,5,6.17
"2023-01",20.0,7,8.64
"2023-01",21.0,3,3.70
"2023-01",22.0,1,1.23
"2023-01",23.0,6,7.41
"2023-01",24.0,2,2.47
"2023-01",25.0,4,4.94
"2023-01",26.0,10,12.35
"2023-01",27.0,4,4.94
"2023-01",28.0,5,6.17
"2023-01",29.0,1,1.23
"2023-01",30.0,4,4.94
"2023-01",31.0,4,4.94
"2023-01",32.0,1,1.23
"2023-01",33.0,8,9.88
"2023-01",34.0,5,6.17
"2023-01",35.0,7,8.64
"2023-01",36.0,3,3.70
"2023-01",37.0,2,2.47
"2023-01",38.0,4,4.94
"2023-02",0.0,60,100.00
"2023-02",2.0,3,5.00
"2023-02",3.0,2,3.33
"2023-02",4.0,2,3.33
"2023-02",5.0,4,6.67
"2023-02",6.0,3,5.00
"2023-02",7.0,3,5.00
"2023-02",8.0,2,3.33
"2023-02",10.0,1,1.67
"2023-02",11.0,5,8.33
"2023-02",12.0,5,8.33
"2023-02",13.0,4,6.67
"2023-02",14.0,3,5.00
"2023-02",15.0,1,1.67
"2023-02",16.0,2,3.33
"2023-02",17.0,2,3.33
"2023-02",18.0,3,5.00
"2023-02",20.0,4,6.67
"2023-02",21.0,5,8.33
"2023-02",22.0,1,1.67
"2023-02",23.0,4,6.67
"2023-02",24.0,1,1.67
"2023-02",25.0,1,1.67
"2023-02",26.0,3,5.00
"2023-02",27.0,2,3.33
"2023-02",28.0,1,1.67
"2023-02",29.0,2,3.33
"2023-02",31.0,3,5.00
"2023-02",32.0,2,3.33
"2023-02",33.0,4,6.67
"2023-02",34.0,2,3.33
"2023-02",35.0,2,3.33
"2023-02",36.0,3,5.00
"2023-02",37.0,1,1.67
"2023-03",0.0,63,100.00
"2023-03",2.0,3,4.76
"2023-03",3.0,3,4.76
"2023-03",4.0,3,4.76
"2023-03",5.0,4,6.35
"2023-03",6.0,2,3.17
"2023-03",7.0,4,6.35
"2023-03",8.0,3,4.76
"2023-03",9.0,6,9.52
"2023-03",10.0,3,4.76
"2023-03",11.0,3,4.76
"2023-03",12.0,1,1.59
"2023-03",13.0,3,4.76
"2023-03",14.0,5,7.94
"2023-03",15.0,3,4.76
"2023-03",16.0,1,1.59
"2023-03",17.0,3,4.76
"2023-03",18.0,5,7.94
"2023-03",19.0,3,4.76
"2023-03",20.0,1,1.59
"2023-03",21.0,1,1.59
"2023-03",22.0,3,4.76
"2023-03",23.0,4,6.35
"2023-03",24.0,6,9.52
"2023-03",25.0,5,7.94
"2023-03",26.0,1,1.59
"2023-03",27.0,2,3.17
"2023-03",28.0,2,3.17
"2023-03",29.0,2,3.17
"2023-03",30.0,1,1.59
"2023-03",32.0,3,4.76
"2023-03",33.0,4,6.35
"2023-03",34.0,2,3.17
"2023-03",36.0,4,6.35
"2023-04",0.0,63,100.00
"2023-04",1.0,1,1.59
"2023-04",2.0,2,3.17
"2023-04",3.0,2,3.17
"2023-04",4.0,6,9.52
"2023-04",5.0,2,3.17
"2023-04",6.0,1,1.59
"2023-04",7.0,1,1.59
"2023-04",8.0,2,3.17
"2023-04",9.0,1,1.59
"2023-04",10.0,2,3.17
"2023-04",11.0,4,6.35
"2023-04",12.0,2,3.17
"2023-04",13.0,5,7.94
"2023-04",14.0,2,3.17
"2023-04",15.0,3,4.76
"2023-04",16.0,2,3.17
"2023-04",17.0,2,3.17
"2023-04",18.0,5,7.94
"2023-04",19.0,4,6.35
"2023-04",20.0,4,6.35
"2023-04",21.0,2,3.17
"2023-04",22.0,4,6.35
"2023-04",23.0,4,6.35
"2023-04",24.0,2,3.17
"2023-04",25.0,3,4.76
"2023-04",26.0,6,9.52
"2023-04",27.0,4,6.35
"2023-04",28.0,5,7.94
"2023-04",29.0,5,7.94
"2023-04",30.0,1,1.59
"2023-04",31.0,1,1.59
"2023-04",32.0,1,1.59
"2023-04",33.0,1,1.59
"2023-04",34.0,2,3.17
"2023-05",0.0,58,100.00
"2023-05",1.0,3,5.17
"2023-05",3.0,5,8.62
"2023-05",4.0,4,6.90
"2023-05",6.0,4,6.90
"2023-05",8.0,4,6.90
"2023-05",9.0,4,6.90
"2023-05",10.0,3,5.17
"2023-05",11.0,4,6.90
"2023-05",12.0,3,5.17
"2023-05",13.0,4,6.90
"2023-05",14.0,3,5.17
"2023-05",15.0,4,6.90
"2023-05",16.0,4,6.90
"2023-05",17.0,5,8.62
"2023-05",18.0,4,6.90
"2023-05",19.0,4,6.90
"2023-05",21.0,1,1.72
"2023-05",22.0,1,1.72
"2023-05",23.0,4,6.90
"2023-05",24.0,2,3.45
"2023-05",25.0,3,5.17
"2023-05",26.0,1,1.72
"2023-05",27.0,1,1.72
"2023-05",28.0,1,1.72
"2023-05",29.0,4,6.90
"2023-05",30.0,2,3.45
"2023-05",31.0,6,10.34
"2023-05",32.0,5,8.62
"2023-05",33.0,5,8.62
"2023-06",0.0,52,100.00
"2023-06",1.0,1,1.92
"2023-06",2.0,1,1.92
"2023-06",3.0,3,5.77
"2023-06",4.0,3,5.77
"2023-06",5.0,3,5.77
"2023-06",6.0,3,5.77
"2023-06",7.0,3,5.77
"2023-06",9.0,2,3.85
"2023-06",10.0,5,9.62
"2023-06",11.0,6,11.54
"2023-06",12.0,3,5.77
"2023-06",13.0,3,5.77
"2023-06",15.0,4,7.69
"2023-06",17.0,1,1.92
"2023-06",18.0,2,3.85
"2023-06",19.0,2,3.85
"2023-06",20.0,2,3.85
"2023-06",22.0,4,7.69
"2023-06",23.0,1,1.92
"2023-06",24.0,2,3.85
"2023-06",25.0,5,9.62
"2023-06",26.0,2,3.85
"2023-06",27.0,3,5.77
"2023-06",29.0,2,3.85
"2023-06",30.0,2,3.85
"2023-06",31.0,2,3.85
"2023-06",32.0,1,1.92
"2023-07",0.0,59,100.00
"2023-07",1.0,3,5.08
"2023-07",2.0,4,6.78
"2023-07",3.0,3,5.08
"2023-07",5.0,4,6.78
"2023-07",6.0,3,5.08
"2023-07",7.0,4,6.78
"2023-07",8.0,1,1.69
"2023-07",10.0,1,1.69
"2023-07",11.0,3,5.08
"2023-07",12.0,3,5.08
"2023-07",13.0,3,5.08
"2023-07",14.0,6,10.17
"2023-07",15.0,2,3.39
"2023-07",16.0,1,1.69
"2023-07",17.0,2,3.39
"2023-07",18.0,6,10.17
"2023-07",20.0,4,6.78
"2023-07",21.0,2,3.39
"2023-07",22.0,2,3.39
"2023-07",23.0,3,5.08
"2023-07",24.0,2,3.39
"2023-07",25.0,2,3.39
"2023-07",26.0,2,3.39
"2023-07",27.0,5,8.47
"2023-07",29.0,3,5.08
"2023-07",31.0,3,5.08
"2023-07",32.0,1,1.69
"2023-08",0.0,55,100.00
"2023-08",1.0,1,1.82
"2023-08",3.0,1,1.82
"2023-08",4.0,2,3.64
"2023-08",5.0,3,5.45
"2023-08",6.0,1,1.82
"2023-08",7.0,1,1.82
"2023-08",8.0,5,9.09
"2023-08",9.0,1,1.82
"2023-08",11.0,2,3.64
"2023-08",12.0,1,1.82
"2023-08",13.0,1,1.82
"2023-08",14.0,2,3.64
"2023-08",15.0,2,3.64
"2023-08",16.0,2,3.64
"2023-08",17.0,2,3.64
"2023-08",18.0,1,1.82
"2023-08",19.0,2,3.64
"2023-08",20.0,3,5.45
"2023-08",21.0,2,3.64
"2023-08",22.0,4,7.27
"2023-08",23.0,1,1.82
"2023-08",24.0,2,3.64
"2023-08",26.0,2,3.64
"2023-08",28.0,2,3.64
"2023-08",29.0,2,3.64
"2023-08",30.0,2,3.64
"2023-08",31.0,1,1.82
"2023-09",0.0,49,100.00
"2023-09",2.0,1,2.04
"2023-09",3.0,3,6.12
"2023-09",4.0,1,2.04
"2023-09",5.0,3,6.12
"2023-09",7.0,2,4.08
"2023-09",8.0,1,2.04
"2023-09",9.0,3,6.12
"2023-09",10.0,2,4.08
"2023-09",11.0,1,2.04
"2023-09",12.0,2,4.08
"2023-09",13.0,3,6.12
"2023-09",14.0,1,2.04
"2023-09",15.0,4,8.16
"2023-09",16.0,2,4.08
"2023-09",17.0,2,4.08
"2023-09",18.0,2,4.08
"2023-09",19.0,2,4.08
"2023-09",21.0,3,6.12
"2023-09",22.0,2,4.08
"2023-09",23.0,1,2.04
"2023-09",24.0,5,10.20
"2023-09",25.0,3,6.12
"2023-09",26.0,2,4.08
"2023-09",27.0,3,6.12
"2023-09",28.0,2,4.08
"2023-09",29.0,3,6.12
"2023-09",30.0,3,6.12
"2023-10",0.0,66,100.00
"2023-10",1.0,4,6.06
"2023-10",2.0,2,3.03
"2023-10",3.0,3,4.55
"2023-10",4.0,2,3.03
"2023-10",5.0,4,6.06
"2023-10",7.0,6,9.09
"2023-10",8.0,4,6.06
"2023-10",9.0,2,3.03
"2023-10",11.0,2,3.03
"2023-10",12.0,1,1.52
"2023-10",13.0,3,4.55
"2023-10",14.0,1,1.52
"2023-10",15.0,3,4.55
"2023-10",16.0,2,3.03
"2023-10",17.0,5,7.58
"2023-10",18.0,5,7.58
"2023-10",19.0,5,7.58
"2023-10",20.0,3,4.55
"2023-10",21.0,3,4.55
"2023-10",22.0,2,3.03
"2023-10",23.0,3,4.55
"2023-10",24.0,6,9.09
"2023-10",25.0,1,1.52
"2023-10",26.0,3,4.55
"2023-10",27.0,4,6.06
"2023-10",28.0,2,3.03
"2023-10",29.0,2,3.03
"2023-11",0.0,38,100.00
"2023-11",1.0,1,2.63
"2023-11",2.0,1,2.63
"2023-11",3.0,1,2.63
"2023-11",4.0,1,2.63
"2023-11",7.0,2,5.26
"2023-11",8.0,4,10.53
"2023-11",9.0,1,2.63
"2023-11",10.0,3,7.89
"2023-11",11.0,1,2.63
"2023-11",12.0,2,5.26
"2023-11",13.0,1,2.63
"2023-11",14.0,1,2.63
"2023-11",15.0,1,2.63
"2023-11",16.0,3,7.89
"2023-11",17.0,4,10.53
"2023-11",18.0,1,2.63
"2023-11",20.0,1,2.63
"2023-11",21.0,3,7.89
"2023-11",22.0,1,2.63
"2023-11",23.0,3,7.89
"2023-11",24.0,2,5.26
"2023-11",25.0,1,2.63
"2023-11",26.0,1,2.63
"2023-12",0.0,52,100.00
"2023-12",1.0,2,3.85
"2023-12",2.0,2,3.85
"2023-12",3.0,2,3.85
"2023-12",4.0,2,3.85
"2023-12",5.0,2,3.85
"2023-12",6.0,1,1.92
"2023-12",7.0,3,5.77
"2023-12",8.0,3,5.77
"2023-12",9.0,2,3.85
"2023-12",10.0,1,1.92
"2023-12",11.0,2,3.85
"2023-12",12.0,1,1.92
"2023-12",13.0,1,1.92
"2023-12",14.0,1,1.92
"2023-12",15.0,5,9.62
"2023-12",16.0,3,5.77
"2023-12",17.0,4,7.69
"2023-12",19.0,2,3.85
"2023-12",20.0,3,5.77
"2023-12",21.0,2,3.85
"2023-12",22.0,2,3.85
"2023-12",24.0,2,3.85
"2023-12",25.0,1,1.92
"2023-12",26.0,2,3.85
"2023-12",27.0,3,5.77
"2024-01",0.0,56,100.00
"2024-01",1.0,3,5.36
"2024-01",2.0,2,3.57
"2024-01",3.0,1,1.79
"2024-01",4.0,5,8.93
"2024-01",5.0,1,1.79
"2024-01",6.0,4,7.14
"2024-01",7.0,2,3.57
"2024-01",8.0,1,1.79
"2024-01",9.0,2,3.57
"2024-01",10.0,2,3.57
"2024-01",11.0,2,3.57
"2024-01",12.0,4,7.14
"2024-01",13.0,1,1.79
"2024-01",14.0,3,5.36
"2024-01",15.0,1,1.79
"2024-01",16.0,1,1.79
"2024-01",17.0,2,3.57
"2024-01",18.0,2,3.57
"2024-01",19.0,3,5.36
"2024-01",20.0,2,3.57
"2024-01",21.0,3,5.36
"2024-01",22.0,3,5.36
"2024-01",23.0,4,7.14
"2024-01",24.0,3,5.36
"2024-01",25.0,1,1.79
"2024-02",0.0,48,100.00
"2024-02",1.0,1,2.08
"2024-02",2.0,3,6.25
"2024-02",3.0,1,2.08
"2024-02",4.0,4,8.33
"2024-02",5.0,3,6.25
"2024-02",6.0,2,4.17
"2024-02",7.0,3,6.25
"2024-02",8.0,4,8.33
"2024-02",9.0,2,4.17
"2024-02",10.0,3,6.25
"2024-02",12.0,3,6.25
"2024-02",13.0,1,2.08
"2024-02",14.0,3,6.25
"2024-02",16.0,2,4.17
"2024-02",17.0,4,8.33
"2024-02",18.0,1,2.08
"2024-02",19.0,3,6.25
"2024-02",20.0,2,4.17
"2024-02",21.0,1,2.08
"2024-02",22.0,1,2.08
"2024-02",23.0,1,2.08
"2024-02",24.0,1,2.08
"2024-03",0.0,50,100.00
"2024-03",1.0,3,6.00
"2024-03",2.0,5,10.00
"2024-03",4.0,1,2.00
"2024-03",5.0,1,2.00
"2024-03",6.0,3,6.00
"2024-03",7.0,2,4.00
"2024-03",8.0,2,4.00
"2024-03",9.0,1,2.00
"2024-03",11.0,1,2.00
"2024-03",12.0,1,2.00
"2024-03",13.0,2,4.00
"2024-03",15.0,2,4.00
"2024-03",16.0,1,2.00
"2024-03",17.0,3,6.00
"2024-03",18.0,5,10.00
"2024-03",19.0,3,6.00
"2024-03",20.0,2,4.00
"2024-03",21.0,4,8.00
"2024-03",22.0,3,6.00
"2024-03",23.0,3,6.00
"2024-03",24.0,1,2.00
"2024-04",0.0,50,100.00
"2024-04",1.0,2,4.00
"2024-04",2.0,1,2.00
"2024-04",3.0,3,6.00
"2024-04",4.0,3,6.00
"2024-04",5.0,4,8.00
"2024-04",7.0,1,2.00
"2024-04",8.0,4,8.00
"2024-04",9.0,4,8.00
"2024-04",10.0,5,10.00
"2024-04",12.0,4,8.00
"2024-04",13.0,1,2.00
"2024-04",14.0,2,4.00
"2024-04",15.0,1,2.00
"2024-04",16.0,5,10.00
"2024-04",17.0,1,2.00
"2024-04",18.0,1,2.00
"2024-04",20.0,1,2.00
"2024-04",22.0,2,4.00
"2024-04",23.0,2,4.00
"2024-05",0.0,39,100.00
"2024-05",2.0,1,2.56
"2024-05",3.0,1,2.56
"2024-05",4.0,1,2.56
"2024-05",5.0,3,7.69
"2024-05",6.0,2,5.13
"2024-05",7.0,1,2.56
"2024-05",8.0,1,2.56
"2024-05",9.0,1,2.56
"2024-05",10.0,1,2.56
"2024-05",11.0,3,7.69
"2024-05",12.0,1,2.56
"2024-05",13.0,2,5.13
"2024-05",15.0,3,7.69
"2024-05",16.0,3,7.69
"2024-05",17.0,1,2.56
"2024-05",20.0,3,7.69
"2024-05",22.0,2,5.13
"2024-06",0.0,27,100.00
"2024-06",2.0,2,7.41
"2024-06",3.0,3,11.11
"2024-06",4.0,1,3.70
"2024-06",5.0,1,3.70
"2024-06",7.0,1,3.70
"2024-06",9.0,1,3.70
"2024-06",10.0,1,3.70
"2024-06",11.0,1,3.70
"2024-06",12.0,1,3.70
"2024-06",14.0,2,7.41
"2024-06",16.0,2,7.41
"2024-06",17.0,5,18.52
"2024-06",18.0,1,3.70
"2024-06",19.0,4,14.81
"2024-07",0.0,39,100.00
"2024-07",1.0,3,7.69
"2024-07",3.0,3,7.69
"2024-07",6.0,1,2.56
"2024-07",7.0,2,5.13
"2024-07",8.0,4,10.26
"2024-07",9.0,3,7.69
"2024-07",10.0,3,7.69
"2024-07",11.0,1,2.56
"2024-07",12.0,2,5.13
"2024-07",13.0,2,5.13
"2024-07",14.0,3,7.69
"2024-07",15.0,4,10.26
"2024-07",16.0,1,2.56
"2024-07",17.0,3,7.69
"2024-07",18.0,3,7.69
"2024-07",19.0,3,7.69
"2024-07",20.0,1,2.56
"2024-08",0.0,33,100.00
"2024-08",1.0,1,3.03
"2024-08",2.0,1,3.03
"2024-08",4.0,3,9.09
"2024-08",6.0,1,3.03
"2024-08",9.0,1,3.03
"2024-08",10.0,3,9.09
"2024-08",11.0,4,12.12
"2024-08",12.0,1,3.03
"2024-08",13.0,1,3.03
"2024-08",14.0,1,3.03
"2024-08",15.0,3,9.09
"2024-08",16.0,1,3.03
"2024-08",17.0,2,6.06
"2024-08",18.0,1,3.03
"2024-08",19.0,3,9.09
"2024-09",0.0,34,100.00
"2024-09",1.0,1,2.94
"2024-09",4.0,2,5.88
"2024-09",5.0,3,8.82
"2024-09",6.0,3,8.82
"2024-09",7.0,1,2.94
"2024-09",8.0,1,2.94
"2024-09",9.0,5,14.71
"2024-09",10.0,2,5.88
"2024-09",11.0,2,5.88
"2024-09",12.0,4,11.76
"2024-09",15.0,3,8.82
"2024-09",16.0,1,2.94
"2024-09",17.0,1,2.94
"2024-09",18.0,3,8.82
"2024-10",0.0,36,100.00
"2024-10",1.0,2,5.56
"2024-10",2.0,3,8.33
"2024-10",3.0,2,5.56
"2024-10",5.0,2,5.56
"2024-10",6.0,2,5.56
"2024-10",7.0,1,2.78
"2024-10",8.0,2,5.56
"2024-10",13.0,1,2.78
"2024-10",14.0,2,5.56
"2024-10",15.0,1,2.78
"2024-10",17.0,1,2.78
"2024-11",0.0,33,100.00
"2024-11",1.0,1,3.03
"2024-11",2.0,1,3.03
"2024-11",3.0,1,3.03
"2024-11",4.0,2,6.06
"2024-11",6.0,4,12.12
"2024-11",7.0,1,3.03
"2024-11",8.0,1,3.03
"2024-11",9.0,1,3.03
"2024-11",10.0,1,3.03
"2024-11",11.0,1,3.03
"2024-11",12.0,4,12.12
"2024-11",13.0,2,6.06
"2024-11",14.0,1,3.03
"2024-11",15.0,3,9.09
"2024-11",16.0,1,3.03
"2024-12",0.0,26,100.00
"2024-12",6.0,2,7.69
"2024-12",8.0,1,3.85
"2024-12",9.0,2,7.69
"2024-12",11.0,1,3.85
"2024-12",12.0,2,7.69
"2024-12",13.0,1,3.85
"2024-12",14.0,1,3.85
"2025-01",0.0,23,100.00
"2025-01",3.0,1,4.35
"2025-01",4.0,1,4.35
"2025-01",5.0,1,4.35
"2025-01",6.0,1,4.35
"2025-01",7.0,2,8.70
"2025-01",8.0,2,8.70
"2025-01",9.0,1,4.35
"2025-01",10.0,2,8.70
"2025-01",11.0,3,13.04
"2025-01",12.0,2,8.70
"2025-01",13.0,2,8.70
"2025-01",14.0,2,8.70
"2025-02",0.0,24,100.00
"2025-02",2.0,1,4.17
"2025-02",3.0,1,4.17
"2025-02",5.0,1,4.17
"2025-02",7.0,3,12.50
"2025-02",9.0,1,4.17
"2025-02",10.0,1,4.17
"2025-02",11.0,1,4.17
"2025-02",12.0,3,12.50
"2025-02",13.0,2,8.33
"2025-03",0.0,32,100.00
"2025-03",2.0,2,6.25
"2025-03",3.0,1,3.13
"2025-03",4.0,2,6.25
"2025-03",6.0,1,3.13
"2025-03",7.0,1,3.13
"2025-03",8.0,1,3.13
"2025-03",9.0,3,9.38
"2025-03",10.0,2,6.25
"2025-03",11.0,2,6.25
"2025-03",12.0,1,3.13
"2025-04",0.0,20,100.00
"2025-04",2.0,2,10.00
"2025-04",3.0,1,5.00
"2025-04",4.0,1,5.00
"2025-04",6.0,1,5.00
"2025-04",8.0,2,10.00
"2025-05",0.0,24,100.00
"2025-05",2.0,1,4.17
"2025-05",3.0,1,4.17
"2025-05",4.0,3,12.50
"2025-05",6.0,1,4.17
"2025-05",7.0,1,4.17
"2025-05",8.0,1,4.17
"2025-05",9.0,2,8.33
"2025-06",0.0,35,100.00
"2025-06",1.0,2,5.71
"2025-06",4.0,2,5.71
"2025-06",5.0,1,2.86
"2025-06",6.0,2,5.71
"2025-06",7.0,2,5.71
"2025-06",8.0,1,2.86
"2025-06",9.0,1,2.86
"2025-07",0.0,16,100.00
"2025-07",1.0,1,6.25
"2025-07",3.0,1,6.25
"2025-07",4.0,1,6.25
"2025-07",6.0,1,6.25
"2025-07",8.0,1,6.25
"2025-08",0.0,23,100.00
"2025-08",1.0,3,13.04
"2025-08",4.0,2,8.70
"2025-08",5.0,2,8.70
"2025-08",6.0,1,4.35
"2025-08",7.0,1,4.35
"2025-09",0.0,14,100.00
"2025-09",3.0,2,14.29
"2025-09",5.0,2,14.29
"2025-09",6.0,2,14.29
"2025-10",0.0,20,100.00
"2025-10",1.0,1,5.00
"2025-10",2.0,3,15.00
"2025-10",4.0,3,15.00
"2025-11",0.0,10,100.00
"2025-11",1.0,1,10.00
"2025-11",2.0,1,10.00
"2025-11",4.0,1,10.00
"2025-12",0.0,17,100.00
"2025-12",1.0,1,5.88
"2026-01",0.0,23,100.00
"2026-01",2.0,1,4.35
"2026-02",0.0,17,100.00
"2026-03",0.0,14,100.00
